index,DATE,DATE_NAME,DATE_CODE,DATE_TYPE,DATE_TYPECODE,DATE_SORTORDER,GEOGRAPHY,GEOGRAPHY_NAME,GEOGRAPHY_CODE,GEOGRAPHY_TYPE,GEOGRAPHY_TYPECODE,GEOGRAPHY_SORTORDER,GENDER,GENDER_NAME,GENDER_CODE,GENDER_TYPE,GENDER_TYPECODE,GENDER_SORTORDER,C_AGE,C_AGE_NAME,C_AGE_CODE,C_AGE_TYPE,C_AGE_TYPECODE,C_AGE_SORTORDER,MEASURES,MEASURES_NAME,OBS_VALUE,OBS_STATUS,OBS_STATUS_NAME,OBS_CONF,OBS_CONF_NAME,URN,RECORD_OFFSET,RECORD_COUNT
0,2022,2022,2022,date,0,0,729813074,Adel & Wharfedale,E05012841,2023 wards,174,0,0,Total,0,Sex,1000,0,200,All Ages,200,Labour Market category,5000,0,20100,Value,21774,A,Normal Value,F,Free (free for publication),Nm-2014d1d32352e0d729813074d0d200d20100,0,198
1,2022,2022,2022,date,0,0,729813074,Adel & Wharfedale,E05012841,2023 wards,174,0,0,Total,0,Sex,1000,0,201,Aged 0 to 15,201,Labour Market category,5000,1,20100,Value,4010,A,Normal Value,F,Free (free for publication),Nm-2014d1d32352e0d729813074d0d201d20100,1,198
2,2022,2022,2022,date,0,0,729813074,Adel & Wharfedale,E05012841,2023 wards,174,0,0,Total,0,Sex,1000,0,117,Age 16,117,Individual age,1000,2,20100,Value,245,A,Normal Value,F,Free (free for publication),Nm-2014d1d32352e0d729813074d0d117d20100,2,198
3,2022,2022,2022,date,0,0,729813074,Adel & Wharfedale,E05012841,2023 wards,174,0,0,Total,0,Sex,1000,0,118,Age 17,118,Individual age,1000,3,20100,Value,203,A,Normal Value,F,Free (free for publication),Nm-2014d1d32352e0d729813074d0d118d20100,3,198
4,2022,2022,2022,date,0,0,729813074,Adel & Wharfedale,E05012841,2023 wards,174,0,0,Total,0,Sex,1000,0,119,Age 18,119,Individual age,1000,4,20100,Value,241,A,Normal Value,F,Free (free for publication),Nm-2014d1d32352e0d729813074d0d119d20100,4,198
5,2022,2022,2022,date,0,0,729813074,Adel & Wharfedale,E05012841,2023 wards,174,0,0,Total,0,Sex,1000,0,120,Age 19,120,Individual age,1000,5,20100,Value,233,A,Normal Value,F,Free (free for publication),Nm-2014d1d32352e0d729813074d0d120d20100,5,198
6,2022,2022,2022,date,0,0,729813075,Alwoodley,E05012842,2023 wards,174,1,0,Total,0,Sex,1000,0,200,All Ages,200,Labour Market category,5000,0,20100,Value,23957,A,Normal Value,F,Free (free for publication),Nm-2014d1d32352e0d729813075d0d200d20100,6,198
7,2022,2022,2022,date,0,0,729813075,Alwoodley,E05012842,2023 wards,174,1,0,Total,0,Sex,1000,0,201,Aged 0 to 15,201,Labour Market category,5000,1,20100,Value,5102,A,Normal Value,F,Free (free for publication),Nm-2014d1d32352e0d729813075d0d201d20100,7,198
8,2022,2022,2022,date,0,0,729813075,Alwoodley,E05012842,2023 wards,174,1,0,Total,0,Sex,1000,0,117,Age 16,117,Individual age,1000,2,20100,Value,261,A,Normal Value,F,Free (free for publication),Nm-2014d1d32352e0d729813075d0d117d20100,8,198
9,2022,2022,2022,date,0,0,729813075,Alwoodley,E05012842,2023 wards,174,1,0,Total,0,Sex,1000,0,118,Age 17,118,Individual age,1000,3,20100,Value,242,A,Normal Value,F,Free (free for publication),Nm-2014d1d32352e0d729813075d0d118d20100,9,198
10,2022,2022,2022,date,0,0,729813075,Alwoodley,E05012842,2023 wards,174,1,0,Total,0,Sex,1000,0,119,Age 18,119,Individual age,1000,4,20100,Value,219,A,Normal Value,F,Free (free for publication),Nm-2014d1d32352e0d729813075d0d119d20100,10,198
11,2022,2022,2022,date,0,0,729813075,Alwoodley,E05012842,2023 wards,174,1,0,Total,0,Sex,1000,0,120,Age 19,120,Individual age,1000,5,20100,Value,212,A,Normal Value,F,Free (free for publication),Nm-2014d1d32352e0d729813075d0d120d20100,11,198
12,2022,2022,2022,date,0,0,729811850,Ardsley & Robin Hood,E05011384,2023 wards,174,2,0,Total,0,Sex,1000,0,200,All Ages,200,Labour Market category,5000,0,20100,Value,23403,A,Normal Value,F,Free (free for publication),Nm-2014d1d32352e0d729811850d0d200d20100,12,198
13,2022,2022,2022,date,0,0,729811850,Ardsley & Robin Hood,E05011384,2023 wards,174,2,0,Total,0,Sex,1000,0,201,Aged 0 to 15,201,Labour Market category,5000,1,20100,Value,4437,A,Normal Value,F,Free (free for publication),Nm-2014d1d32352e0d729811850d0d201d20100,13,198
14,2022,2022,2022,date,0,0,729811850,Ardsley & Robin Hood,E05011384,2023 wards,174,2,0,Total,0,Sex,1000,0,117,Age 16,117,Individual age,1000,2,20100,Value,296,A,Normal Value,F,Free (free for publication),Nm-2014d1d32352e0d729811850d0d117d20100,14,198
15,2022,2022,2022,date,0,0,729811850,Ardsley & Robin Hood,E05011384,2023 wards,174,2,0,Total,0,Sex,1000,0,118,Age 17,118,Individual age,1000,3,20100,Value,239,A,Normal Value,F,Free (free for publication),Nm-2014d1d32352e0d729811850d0d118d20100,15,198
16,2022,2022,2022,date,0,0,729811850,Ardsley & Robin Hood,E05011384,2023 wards,174,2,0,Total,0,Sex,1000,0,119,Age 18,119,Individual age,1000,4,20100,Value,275,A,Normal Value,F,Free (free for publication),Nm-2014d1d32352e0d729811850d0d119d20100,16,198
17,2022,2022,2022,date,0,0,729811850,Ardsley & Robin Hood,E05011384,2023 wards,174,2,0,Total,0,Sex,1000,0,120,Age 19,120,Individual age,1000,5,20100,Value,291,A,Normal Value,F,Free (free for publication),Nm-2014d1d32352e0d729811850d0d120d20100,17,198
18,2022,2022,2022,date,0,0,729811851,Armley,E05011385,2023 wards,174,3,0,Total,0,Sex,1000,0,200,All Ages,200,Labour Market category,5000,0,20100,Value,26458,A,Normal Value,F,Free (free for publication),Nm-2014d1d32352e0d729811851d0d200d20100,18,198
19,2022,2022,2022,date,0,0,729811851,Armley,E05011385,2023 wards,174,3,0,Total,0,Sex,1000,0,201,Aged 0 to 15,201,Labour Market category,5000,1,20100,Value,5472,A,Normal Value,F,Free (free for publication),Nm-2014d1d32352e0d729811851d0d201d20100,19,198
20,2022,2022,2022,date,0,0,729811851,Armley,E05011385,2023 wards,174,3,0,Total,0,Sex,1000,0,117,Age 16,117,Individual age,1000,2,20100,Value,292,A,Normal Value,F,Free (free for publication),Nm-2014d1d32352e0d729811851d0d117d20100,20,198
21,2022,2022,2022,date,0,0,729811851,Armley,E05011385,2023 wards,174,3,0,Total,0,Sex,1000,0,118,Age 17,118,Individual age,1000,3,20100,Value,288,A,Normal Value,F,Free (free for publication),Nm-2014d1d32352e0d729811851d0d118d20100,21,198
22,2022,2022,2022,date,0,0,729811851,Armley,E05011385,2023 wards,174,3,0,Total,0,Sex,1000,0,119,Age 18,119,Individual age,1000,4,20100,Value,276,A,Normal Value,F,Free (free for publication),Nm-2014d1d32352e0d729811851d0d119d20100,22,198
23,2022,2022,2022,date,0,0,729811851,Armley,E05011385,2023 wards,174,3,0,Total,0,Sex,1000,0,120,Age 19,120,Individual age,1000,5,20100,Value,279,A,Normal Value,F,Free (free for publication),Nm-2014d1d32352e0d729811851d0d120d20100,23,198
24,2022,2022,2022,date,0,0,729812925,Beeston & Holbeck,E05012647,2023 wards,174,4,0,Total,0,Sex,1000,0,200,All Ages,200,Labour Market category,5000,0,20100,Value,27180,A,Normal Value,F,Free (free for publication),Nm-2014d1d32352e0d729812925d0d200d20100,24,198
25,2022,2022,2022,date,0,0,729812925,Beeston & Holbeck,E05012647,2023 wards,174,4,0,Total,0,Sex,1000,0,201,Aged 0 to 15,201,Labour Market category,5000,1,20100,Value,5901,A,Normal Value,F,Free (free for publication),Nm-2014d1d32352e0d729812925d0d201d20100,25,198
26,2022,2022,2022,date,0,0,729812925,Beeston & Holbeck,E05012647,2023 wards,174,4,0,Total,0,Sex,1000,0,117,Age 16,117,Individual age,1000,2,20100,Value,294,A,Normal Value,F,Free (free for publication),Nm-2014d1d32352e0d729812925d0d117d20100,26,198
27,2022,2022,2022,date,0,0,729812925,Beeston & Holbeck,E05012647,2023 wards,174,4,0,Total,0,Sex,1000,0,118,Age 17,118,Individual age,1000,3,20100,Value,316,A,Normal Value,F,Free (free for publication),Nm-2014d1d32352e0d729812925d0d118d20100,27,198
28,2022,2022,2022,date,0,0,729812925,Beeston & Holbeck,E05012647,2023 wards,174,4,0,Total,0,Sex,1000,0,119,Age 18,119,Individual age,1000,4,20100,Value,324,A,Normal Value,F,Free (free for publication),Nm-2014d1d32352e0d729812925d0d119d20100,28,198
29,2022,2022,2022,date,0,0,729812925,Beeston & Holbeck,E05012647,2023 wards,174,4,0,Total,0,Sex,1000,0,120,Age 19,120,Individual age,1000,5,20100,Value,297,A,Normal Value,F,Free (free for publication),Nm-2014d1d32352e0d729812925d0d120d20100,29,198
30,2022,2022,2022,date,0,0,729811852,Bramley & Stanningley,E05011387,2023 wards,174,5,0,Total,0,Sex,1000,0,200,All Ages,200,Labour Market category,5000,0,20100,Value,24114,A,Normal Value,F,Free (free for publication),Nm-2014d1d32352e0d729811852d0d200d20100,30,198
31,2022,2022,2022,date,0,0,729811852,Bramley & Stanningley,E05011387,2023 wards,174,5,0,Total,0,Sex,1000,0,201,Aged 0 to 15,201,Labour Market category,5000,1,20100,Value,4964,A,Normal Value,F,Free (free for publication),Nm-2014d1d32352e0d729811852d0d201d20100,31,198
32,2022,2022,2022,date,0,0,729811852,Bramley & Stanningley,E05011387,2023 wards,174,5,0,Total,0,Sex,1000,0,117,Age 16,117,Individual age,1000,2,20100,Value,292,A,Normal Value,F,Free (free for publication),Nm-2014d1d32352e0d729811852d0d117d20100,32,198
33,2022,2022,2022,date,0,0,729811852,Bramley & Stanningley,E05011387,2023 wards,174,5,0,Total,0,Sex,1000,0,118,Age 17,118,Individual age,1000,3,20100,Value,317,A,Normal Value,F,Free (free for publication),Nm-2014d1d32352e0d729811852d0d118d20100,33,198
34,2022,2022,2022,date,0,0,729811852,Bramley & Stanningley,E05011387,2023 wards,174,5,0,Total,0,Sex,1000,0,119,Age 18,119,Individual age,1000,4,20100,Value,268,A,Normal Value,F,Free (free for publication),Nm-2014d1d32352e0d729811852d0d119d20100,34,198
35,2022,2022,2022,date,0,0,729811852,Bramley & Stanningley,E05011387,2023 wards,174,5,0,Total,0,Sex,1000,0,120,Age 19,120,Individual age,1000,5,20100,Value,304,A,Normal Value,F,Free (free for publication),Nm-2014d1d32352e0d729811852d0d120d20100,35,198
36,2022,2022,2022,date,0,0,729811853,Burmantofts & Richmond Hill,E05011388,2023 wards,174,6,0,Total,0,Sex,1000,0,200,All Ages,200,Labour Market category,5000,0,20100,Value,28759,A,Normal Value,F,Free (free for publication),Nm-2014d1d32352e0d729811853d0d200d20100,36,198
37,2022,2022,2022,date,0,0,729811853,Burmantofts & Richmond Hill,E05011388,2023 wards,174,6,0,Total,0,Sex,1000,0,201,Aged 0 to 15,201,Labour Market category,5000,1,20100,Value,7063,A,Normal Value,F,Free (free for publication),Nm-2014d1d32352e0d729811853d0d201d20100,37,198
38,2022,2022,2022,date,0,0,729811853,Burmantofts & Richmond Hill,E05011388,2023 wards,174,6,0,Total,0,Sex,1000,0,117,Age 16,117,Individual age,1000,2,20100,Value,357,A,Normal Value,F,Free (free for publication),Nm-2014d1d32352e0d729811853d0d117d20100,38,198
39,2022,2022,2022,date,0,0,729811853,Burmantofts & Richmond Hill,E05011388,2023 wards,174,6,0,Total,0,Sex,1000,0,118,Age 17,118,Individual age,1000,3,20100,Value,394,A,Normal Value,F,Free (free for publication),Nm-2014d1d32352e0d729811853d0d118d20100,39,198
40,2022,2022,2022,date,0,0,729811853,Burmantofts & Richmond Hill,E05011388,2023 wards,174,6,0,Total,0,Sex,1000,0,119,Age 18,119,Individual age,1000,4,20100,Value,412,A,Normal Value,F,Free (free for publication),Nm-2014d1d32352e0d729811853d0d119d20100,40,198
41,2022,2022,2022,date,0,0,729811853,Burmantofts & Richmond Hill,E05011388,2023 wards,174,6,0,Total,0,Sex,1000,0,120,Age 19,120,Individual age,1000,5,20100,Value,473,A,Normal Value,F,Free (free for publication),Nm-2014d1d32352e0d729811853d0d120d20100,41,198
42,2022,2022,2022,date,0,0,729811854,Calverley & Farsley,E05011389,2023 wards,174,7,0,Total,0,Sex,1000,0,200,All Ages,200,Labour Market category,5000,0,20100,Value,24579,A,Normal Value,F,Free (free for publication),Nm-2014d1d32352e0d729811854d0d200d20100,42,198
43,2022,2022,2022,date,0,0,729811854,Calverley & Farsley,E05011389,2023 wards,174,7,0,Total,0,Sex,1000,0,201,Aged 0 to 15,201,Labour Market category,5000,1,20100,Value,4777,A,Normal Value,F,Free (free for publication),Nm-2014d1d32352e0d729811854d0d201d20100,43,198
44,2022,2022,2022,date,0,0,729811854,Calverley & Farsley,E05011389,2023 wards,174,7,0,Total,0,Sex,1000,0,117,Age 16,117,Individual age,1000,2,20100,Value,241,A,Normal Value,F,Free (free for publication),Nm-2014d1d32352e0d729811854d0d117d20100,44,198
45,2022,2022,2022,date,0,0,729811854,Calverley & Farsley,E05011389,2023 wards,174,7,0,Total,0,Sex,1000,0,118,Age 17,118,Individual age,1000,3,20100,Value,229,A,Normal Value,F,Free (free for publication),Nm-2014d1d32352e0d729811854d0d118d20100,45,198
46,2022,2022,2022,date,0,0,729811854,Calverley & Farsley,E05011389,2023 wards,174,7,0,Total,0,Sex,1000,0,119,Age 18,119,Individual age,1000,4,20100,Value,228,A,Normal Value,F,Free (free for publication),Nm-2014d1d32352e0d729811854d0d119d20100,46,198
47,2022,2022,2022,date,0,0,729811854,Calverley & Farsley,E05011389,2023 wards,174,7,0,Total,0,Sex,1000,0,120,Age 19,120,Individual age,1000,5,20100,Value,232,A,Normal Value,F,Free (free for publication),Nm-2014d1d32352e0d729811854d0d120d20100,47,198
48,2022,2022,2022,date,0,0,729811855,Chapel Allerton,E05011390,2023 wards,174,8,0,Total,0,Sex,1000,0,200,All Ages,200,Labour Market category,5000,0,20100,Value,25023,A,Normal Value,F,Free (free for publication),Nm-2014d1d32352e0d729811855d0d200d20100,48,198
49,2022,2022,2022,date,0,0,729811855,Chapel Allerton,E05011390,2023 wards,174,8,0,Total,0,Sex,1000,0,201,Aged 0 to 15,201,Labour Market category,5000,1,20100,Value,4602,A,Normal Value,F,Free (free for publication),Nm-2014d1d32352e0d729811855d0d201d20100,49,198
50,2022,2022,2022,date,0,0,729811855,Chapel Allerton,E05011390,2023 wards,174,8,0,Total,0,Sex,1000,0,117,Age 16,117,Individual age,1000,2,20100,Value,281,A,Normal Value,F,Free (free for publication),Nm-2014d1d32352e0d729811855d0d117d20100,50,198
51,2022,2022,2022,date,0,0,729811855,Chapel Allerton,E05011390,2023 wards,174,8,0,Total,0,Sex,1000,0,118,Age 17,118,Individual age,1000,3,20100,Value,276,A,Normal Value,F,Free (free for publication),Nm-2014d1d32352e0d729811855d0d118d20100,51,198
52,2022,2022,2022,date,0,0,729811855,Chapel Allerton,E05011390,2023 wards,174,8,0,Total,0,Sex,1000,0,119,Age 18,119,Individual age,1000,4,20100,Value,298,A,Normal Value,F,Free (free for publication),Nm-2014d1d32352e0d729811855d0d119d20100,52,198
53,2022,2022,2022,date,0,0,729811855,Chapel Allerton,E05011390,2023 wards,174,8,0,Total,0,Sex,1000,0,120,Age 19,120,Individual age,1000,5,20100,Value,333,A,Normal Value,F,Free (free for publication),Nm-2014d1d32352e0d729811855d0d120d20100,53,198
54,2022,2022,2022,date,0,0,729811856,Cross Gates & Whinmoor,E05011391,2023 wards,174,9,0,Total,0,Sex,1000,0,200,All Ages,200,Labour Market category,5000,0,20100,Value,25096,A,Normal Value,F,Free (free for publication),Nm-2014d1d32352e0d729811856d0d200d20100,54,198
55,2022,2022,2022,date,0,0,729811856,Cross Gates & Whinmoor,E05011391,2023 wards,174,9,0,Total,0,Sex,1000,0,201,Aged 0 to 15,201,Labour Market category,5000,1,20100,Value,5034,A,Normal Value,F,Free (free for publication),Nm-2014d1d32352e0d729811856d0d201d20100,55,198
56,2022,2022,2022,date,0,0,729811856,Cross Gates & Whinmoor,E05011391,2023 wards,174,9,0,Total,0,Sex,1000,0,117,Age 16,117,Individual age,1000,2,20100,Value,279,A,Normal Value,F,Free (free for publication),Nm-2014d1d32352e0d729811856d0d117d20100,56,198
57,2022,2022,2022,date,0,0,729811856,Cross Gates & Whinmoor,E05011391,2023 wards,174,9,0,Total,0,Sex,1000,0,118,Age 17,118,Individual age,1000,3,20100,Value,236,A,Normal Value,F,Free (free for publication),Nm-2014d1d32352e0d729811856d0d118d20100,57,198
58,2022,2022,2022,date,0,0,729811856,Cross Gates & Whinmoor,E05011391,2023 wards,174,9,0,Total,0,Sex,1000,0,119,Age 18,119,Individual age,1000,4,20100,Value,234,A,Normal Value,F,Free (free for publication),Nm-2014d1d32352e0d729811856d0d119d20100,58,198
59,2022,2022,2022,date,0,0,729811856,Cross Gates & Whinmoor,E05011391,2023 wards,174,9,0,Total,0,Sex,1000,0,120,Age 19,120,Individual age,1000,5,20100,Value,260,A,Normal Value,F,Free (free for publication),Nm-2014d1d32352e0d729811856d0d120d20100,59,198
60,2022,2022,2022,date,0,0,729812926,Farnley & Wortley,E05012648,2023 wards,174,10,0,Total,0,Sex,1000,0,200,All Ages,200,Labour Market category,5000,0,20100,Value,25183,A,Normal Value,F,Free (free for publication),Nm-2014d1d32352e0d729812926d0d200d20100,60,198
61,2022,2022,2022,date,0,0,729812926,Farnley & Wortley,E05012648,2023 wards,174,10,0,Total,0,Sex,1000,0,201,Aged 0 to 15,201,Labour Market category,5000,1,20100,Value,4945,A,Normal Value,F,Free (free for publication),Nm-2014d1d32352e0d729812926d0d201d20100,61,198
62,2022,2022,2022,date,0,0,729812926,Farnley & Wortley,E05012648,2023 wards,174,10,0,Total,0,Sex,1000,0,117,Age 16,117,Individual age,1000,2,20100,Value,270,A,Normal Value,F,Free (free for publication),Nm-2014d1d32352e0d729812926d0d117d20100,62,198
63,2022,2022,2022,date,0,0,729812926,Farnley & Wortley,E05012648,2023 wards,174,10,0,Total,0,Sex,1000,0,118,Age 17,118,Individual age,1000,3,20100,Value,291,A,Normal Value,F,Free (free for publication),Nm-2014d1d32352e0d729812926d0d118d20100,63,198
64,2022,2022,2022,date,0,0,729812926,Farnley & Wortley,E05012648,2023 wards,174,10,0,Total,0,Sex,1000,0,119,Age 18,119,Individual age,1000,4,20100,Value,263,A,Normal Value,F,Free (free for publication),Nm-2014d1d32352e0d729812926d0d119d20100,64,198
65,2022,2022,2022,date,0,0,729812926,Farnley & Wortley,E05012648,2023 wards,174,10,0,Total,0,Sex,1000,0,120,Age 19,120,Individual age,1000,5,20100,Value,259,A,Normal Value,F,Free (free for publication),Nm-2014d1d32352e0d729812926d0d120d20100,65,198
66,2022,2022,2022,date,0,0,729813998,Garforth & Swillington,E05013830,2023 wards,174,11,0,Total,0,Sex,1000,0,200,All Ages,200,Labour Market category,5000,0,20100,Value,21456,A,Normal Value,F,Free (free for publication),Nm-2014d1d32352e0d729813998d0d200d20100,66,198
67,2022,2022,2022,date,0,0,729813998,Garforth & Swillington,E05013830,2023 wards,174,11,0,Total,0,Sex,1000,0,201,Aged 0 to 15,201,Labour Market category,5000,1,20100,Value,3643,A,Normal Value,F,Free (free for publication),Nm-2014d1d32352e0d729813998d0d201d20100,67,198
68,2022,2022,2022,date,0,0,729813998,Garforth & Swillington,E05013830,2023 wards,174,11,0,Total,0,Sex,1000,0,117,Age 16,117,Individual age,1000,2,20100,Value,246,A,Normal Value,F,Free (free for publication),Nm-2014d1d32352e0d729813998d0d117d20100,68,198
69,2022,2022,2022,date,0,0,729813998,Garforth & Swillington,E05013830,2023 wards,174,11,0,Total,0,Sex,1000,0,118,Age 17,118,Individual age,1000,3,20100,Value,223,A,Normal Value,F,Free (free for publication),Nm-2014d1d32352e0d729813998d0d118d20100,69,198
70,2022,2022,2022,date,0,0,729813998,Garforth & Swillington,E05013830,2023 wards,174,11,0,Total,0,Sex,1000,0,119,Age 18,119,Individual age,1000,4,20100,Value,256,A,Normal Value,F,Free (free for publication),Nm-2014d1d32352e0d729813998d0d119d20100,70,198
71,2022,2022,2022,date,0,0,729813998,Garforth & Swillington,E05013830,2023 wards,174,11,0,Total,0,Sex,1000,0,120,Age 19,120,Individual age,1000,5,20100,Value,247,A,Normal Value,F,Free (free for publication),Nm-2014d1d32352e0d729813998d0d120d20100,71,198
72,2022,2022,2022,date,0,0,729811857,Gipton & Harehills,E05011394,2023 wards,174,12,0,Total,0,Sex,1000,0,200,All Ages,200,Labour Market category,5000,0,20100,Value,31757,A,Normal Value,F,Free (free for publication),Nm-2014d1d32352e0d729811857d0d200d20100,72,198
73,2022,2022,2022,date,0,0,729811857,Gipton & Harehills,E05011394,2023 wards,174,12,0,Total,0,Sex,1000,0,201,Aged 0 to 15,201,Labour Market category,5000,1,20100,Value,9003,A,Normal Value,F,Free (free for publication),Nm-2014d1d32352e0d729811857d0d201d20100,73,198
74,2022,2022,2022,date,0,0,729811857,Gipton & Harehills,E05011394,2023 wards,174,12,0,Total,0,Sex,1000,0,117,Age 16,117,Individual age,1000,2,20100,Value,537,A,Normal Value,F,Free (free for publication),Nm-2014d1d32352e0d729811857d0d117d20100,74,198
75,2022,2022,2022,date,0,0,729811857,Gipton & Harehills,E05011394,2023 wards,174,12,0,Total,0,Sex,1000,0,118,Age 17,118,Individual age,1000,3,20100,Value,523,A,Normal Value,F,Free (free for publication),Nm-2014d1d32352e0d729811857d0d118d20100,75,198
76,2022,2022,2022,date,0,0,729811857,Gipton & Harehills,E05011394,2023 wards,174,12,0,Total,0,Sex,1000,0,119,Age 18,119,Individual age,1000,4,20100,Value,581,A,Normal Value,F,Free (free for publication),Nm-2014d1d32352e0d729811857d0d119d20100,76,198
77,2022,2022,2022,date,0,0,729811857,Gipton & Harehills,E05011394,2023 wards,174,12,0,Total,0,Sex,1000,0,120,Age 19,120,Individual age,1000,5,20100,Value,614,A,Normal Value,F,Free (free for publication),Nm-2014d1d32352e0d729811857d0d120d20100,77,198
78,2022,2022,2022,date,0,0,729811858,Guiseley & Rawdon,E05011395,2023 wards,174,13,0,Total,0,Sex,1000,0,200,All Ages,200,Labour Market category,5000,0,20100,Value,24733,A,Normal Value,F,Free (free for publication),Nm-2014d1d32352e0d729811858d0d200d20100,78,198
79,2022,2022,2022,date,0,0,729811858,Guiseley & Rawdon,E05011395,2023 wards,174,13,0,Total,0,Sex,1000,0,201,Aged 0 to 15,201,Labour Market category,5000,1,20100,Value,4631,A,Normal Value,F,Free (free for publication),Nm-2014d1d32352e0d729811858d0d201d20100,79,198
80,2022,2022,2022,date,0,0,729811858,Guiseley & Rawdon,E05011395,2023 wards,174,13,0,Total,0,Sex,1000,0,117,Age 16,117,Individual age,1000,2,20100,Value,293,A,Normal Value,F,Free (free for publication),Nm-2014d1d32352e0d729811858d0d117d20100,80,198
81,2022,2022,2022,date,0,0,729811858,Guiseley & Rawdon,E05011395,2023 wards,174,13,0,Total,0,Sex,1000,0,118,Age 17,118,Individual age,1000,3,20100,Value,268,A,Normal Value,F,Free (free for publication),Nm-2014d1d32352e0d729811858d0d118d20100,81,198
82,2022,2022,2022,date,0,0,729811858,Guiseley & Rawdon,E05011395,2023 wards,174,13,0,Total,0,Sex,1000,0,119,Age 18,119,Individual age,1000,4,20100,Value,270,A,Normal Value,F,Free (free for publication),Nm-2014d1d32352e0d729811858d0d119d20100,82,198
83,2022,2022,2022,date,0,0,729811858,Guiseley & Rawdon,E05011395,2023 wards,174,13,0,Total,0,Sex,1000,0,120,Age 19,120,Individual age,1000,5,20100,Value,265,A,Normal Value,F,Free (free for publication),Nm-2014d1d32352e0d729811858d0d120d20100,83,198
84,2022,2022,2022,date,0,0,729811859,Harewood (Leeds),E05011396,2023 wards,174,14,0,Total,0,Sex,1000,0,200,All Ages,200,Labour Market category,5000,0,20100,Value,18691,A,Normal Value,F,Free (free for publication),Nm-2014d1d32352e0d729811859d0d200d20100,84,198
85,2022,2022,2022,date,0,0,729811859,Harewood (Leeds),E05011396,2023 wards,174,14,0,Total,0,Sex,1000,0,201,Aged 0 to 15,201,Labour Market category,5000,1,20100,Value,3223,A,Normal Value,F,Free (free for publication),Nm-2014d1d32352e0d729811859d0d201d20100,85,198
86,2022,2022,2022,date,0,0,729811859,Harewood (Leeds),E05011396,2023 wards,174,14,0,Total,0,Sex,1000,0,117,Age 16,117,Individual age,1000,2,20100,Value,204,A,Normal Value,F,Free (free for publication),Nm-2014d1d32352e0d729811859d0d117d20100,86,198
87,2022,2022,2022,date,0,0,729811859,Harewood (Leeds),E05011396,2023 wards,174,14,0,Total,0,Sex,1000,0,118,Age 17,118,Individual age,1000,3,20100,Value,169,A,Normal Value,F,Free (free for publication),Nm-2014d1d32352e0d729811859d0d118d20100,87,198
88,2022,2022,2022,date,0,0,729811859,Harewood (Leeds),E05011396,2023 wards,174,14,0,Total,0,Sex,1000,0,119,Age 18,119,Individual age,1000,4,20100,Value,188,A,Normal Value,F,Free (free for publication),Nm-2014d1d32352e0d729811859d0d119d20100,88,198
89,2022,2022,2022,date,0,0,729811859,Harewood (Leeds),E05011396,2023 wards,174,14,0,Total,0,Sex,1000,0,120,Age 19,120,Individual age,1000,5,20100,Value,161,A,Normal Value,F,Free (free for publication),Nm-2014d1d32352e0d729811859d0d120d20100,89,198
90,2022,2022,2022,date,0,0,729811860,Headingley & Hyde Park,E05011397,2023 wards,174,15,0,Total,0,Sex,1000,0,200,All Ages,200,Labour Market category,5000,0,20100,Value,31093,A,Normal Value,F,Free (free for publication),Nm-2014d1d32352e0d729811860d0d200d20100,90,198
91,2022,2022,2022,date,0,0,729811860,Headingley & Hyde Park,E05011397,2023 wards,174,15,0,Total,0,Sex,1000,0,201,Aged 0 to 15,201,Labour Market category,5000,1,20100,Value,1570,A,Normal Value,F,Free (free for publication),Nm-2014d1d32352e0d729811860d0d201d20100,91,198
92,2022,2022,2022,date,0,0,729811860,Headingley & Hyde Park,E05011397,2023 wards,174,15,0,Total,0,Sex,1000,0,117,Age 16,117,Individual age,1000,2,20100,Value,148,A,Normal Value,F,Free (free for publication),Nm-2014d1d32352e0d729811860d0d117d20100,92,198
93,2022,2022,2022,date,0,0,729811860,Headingley & Hyde Park,E05011397,2023 wards,174,15,0,Total,0,Sex,1000,0,118,Age 17,118,Individual age,1000,3,20100,Value,126,A,Normal Value,F,Free (free for publication),Nm-2014d1d32352e0d729811860d0d118d20100,93,198
94,2022,2022,2022,date,0,0,729811860,Headingley & Hyde Park,E05011397,2023 wards,174,15,0,Total,0,Sex,1000,0,119,Age 18,119,Individual age,1000,4,20100,Value,337,A,Normal Value,F,Free (free for publication),Nm-2014d1d32352e0d729811860d0d119d20100,94,198
95,2022,2022,2022,date,0,0,729811860,Headingley & Hyde Park,E05011397,2023 wards,174,15,0,Total,0,Sex,1000,0,120,Age 19,120,Individual age,1000,5,20100,Value,1750,A,Normal Value,F,Free (free for publication),Nm-2014d1d32352e0d729811860d0d120d20100,95,198
96,2022,2022,2022,date,0,0,729811988,Horsforth,E05011547,2023 wards,174,16,0,Total,0,Sex,1000,0,200,All Ages,200,Labour Market category,5000,0,20100,Value,24712,A,Normal Value,F,Free (free for publication),Nm-2014d1d32352e0d729811988d0d200d20100,96,198
97,2022,2022,2022,date,0,0,729811988,Horsforth,E05011547,2023 wards,174,16,0,Total,0,Sex,1000,0,201,Aged 0 to 15,201,Labour Market category,5000,1,20100,Value,5013,A,Normal Value,F,Free (free for publication),Nm-2014d1d32352e0d729811988d0d201d20100,97,198
98,2022,2022,2022,date,0,0,729811988,Horsforth,E05011547,2023 wards,174,16,0,Total,0,Sex,1000,0,117,Age 16,117,Individual age,1000,2,20100,Value,289,A,Normal Value,F,Free (free for publication),Nm-2014d1d32352e0d729811988d0d117d20100,98,198
99,2022,2022,2022,date,0,0,729811988,Horsforth,E05011547,2023 wards,174,16,0,Total,0,Sex,1000,0,118,Age 17,118,Individual age,1000,3,20100,Value,293,A,Normal Value,F,Free (free for publication),Nm-2014d1d32352e0d729811988d0d118d20100,99,198
100,2022,2022,2022,date,0,0,729811988,Horsforth,E05011547,2023 wards,174,16,0,Total,0,Sex,1000,0,119,Age 18,119,Individual age,1000,4,20100,Value,281,A,Normal Value,F,Free (free for publication),Nm-2014d1d32352e0d729811988d0d119d20100,100,198
101,2022,2022,2022,date,0,0,729811988,Horsforth,E05011547,2023 wards,174,16,0,Total,0,Sex,1000,0,120,Age 19,120,Individual age,1000,5,20100,Value,308,A,Normal Value,F,Free (free for publication),Nm-2014d1d32352e0d729811988d0d120d20100,101,198
102,2022,2022,2022,date,0,0,729811861,Hunslet & Riverside,E05011399,2023 wards,174,17,0,Total,0,Sex,1000,0,200,All Ages,200,Labour Market category,5000,0,20100,Value,26714,A,Normal Value,F,Free (free for publication),Nm-2014d1d32352e0d729811861d0d200d20100,102,198
103,2022,2022,2022,date,0,0,729811861,Hunslet & Riverside,E05011399,2023 wards,174,17,0,Total,0,Sex,1000,0,201,Aged 0 to 15,201,Labour Market category,5000,1,20100,Value,5225,A,Normal Value,F,Free (free for publication),Nm-2014d1d32352e0d729811861d0d201d20100,103,198
104,2022,2022,2022,date,0,0,729811861,Hunslet & Riverside,E05011399,2023 wards,174,17,0,Total,0,Sex,1000,0,117,Age 16,117,Individual age,1000,2,20100,Value,352,A,Normal Value,F,Free (free for publication),Nm-2014d1d32352e0d729811861d0d117d20100,104,198
105,2022,2022,2022,date,0,0,729811861,Hunslet & Riverside,E05011399,2023 wards,174,17,0,Total,0,Sex,1000,0,118,Age 17,118,Individual age,1000,3,20100,Value,330,A,Normal Value,F,Free (free for publication),Nm-2014d1d32352e0d729811861d0d118d20100,105,198
106,2022,2022,2022,date,0,0,729811861,Hunslet & Riverside,E05011399,2023 wards,174,17,0,Total,0,Sex,1000,0,119,Age 18,119,Individual age,1000,4,20100,Value,336,A,Normal Value,F,Free (free for publication),Nm-2014d1d32352e0d729811861d0d119d20100,106,198
107,2022,2022,2022,date,0,0,729811861,Hunslet & Riverside,E05011399,2023 wards,174,17,0,Total,0,Sex,1000,0,120,Age 19,120,Individual age,1000,5,20100,Value,464,A,Normal Value,F,Free (free for publication),Nm-2014d1d32352e0d729811861d0d120d20100,107,198
108,2022,2022,2022,date,0,0,729811862,Killingbeck & Seacroft,E05011400,2023 wards,174,18,0,Total,0,Sex,1000,0,200,All Ages,200,Labour Market category,5000,0,20100,Value,27019,A,Normal Value,F,Free (free for publication),Nm-2014d1d32352e0d729811862d0d200d20100,108,198
109,2022,2022,2022,date,0,0,729811862,Killingbeck & Seacroft,E05011400,2023 wards,174,18,0,Total,0,Sex,1000,0,201,Aged 0 to 15,201,Labour Market category,5000,1,20100,Value,6270,A,Normal Value,F,Free (free for publication),Nm-2014d1d32352e0d729811862d0d201d20100,109,198
110,2022,2022,2022,date,0,0,729811862,Killingbeck & Seacroft,E05011400,2023 wards,174,18,0,Total,0,Sex,1000,0,117,Age 16,117,Individual age,1000,2,20100,Value,298,A,Normal Value,F,Free (free for publication),Nm-2014d1d32352e0d729811862d0d117d20100,110,198
111,2022,2022,2022,date,0,0,729811862,Killingbeck & Seacroft,E05011400,2023 wards,174,18,0,Total,0,Sex,1000,0,118,Age 17,118,Individual age,1000,3,20100,Value,347,A,Normal Value,F,Free (free for publication),Nm-2014d1d32352e0d729811862d0d118d20100,111,198
112,2022,2022,2022,date,0,0,729811862,Killingbeck & Seacroft,E05011400,2023 wards,174,18,0,Total,0,Sex,1000,0,119,Age 18,119,Individual age,1000,4,20100,Value,354,A,Normal Value,F,Free (free for publication),Nm-2014d1d32352e0d729811862d0d119d20100,112,198
113,2022,2022,2022,date,0,0,729811862,Killingbeck & Seacroft,E05011400,2023 wards,174,18,0,Total,0,Sex,1000,0,120,Age 19,120,Individual age,1000,5,20100,Value,333,A,Normal Value,F,Free (free for publication),Nm-2014d1d32352e0d729811862d0d120d20100,113,198
114,2022,2022,2022,date,0,0,729811863,Kippax & Methley,E05011401,2023 wards,174,19,0,Total,0,Sex,1000,0,200,All Ages,200,Labour Market category,5000,0,20100,Value,23062,A,Normal Value,F,Free (free for publication),Nm-2014d1d32352e0d729811863d0d200d20100,114,198
115,2022,2022,2022,date,0,0,729811863,Kippax & Methley,E05011401,2023 wards,174,19,0,Total,0,Sex,1000,0,201,Aged 0 to 15,201,Labour Market category,5000,1,20100,Value,4284,A,Normal Value,F,Free (free for publication),Nm-2014d1d32352e0d729811863d0d201d20100,115,198
116,2022,2022,2022,date,0,0,729811863,Kippax & Methley,E05011401,2023 wards,174,19,0,Total,0,Sex,1000,0,117,Age 16,117,Individual age,1000,2,20100,Value,283,A,Normal Value,F,Free (free for publication),Nm-2014d1d32352e0d729811863d0d117d20100,116,198
117,2022,2022,2022,date,0,0,729811863,Kippax & Methley,E05011401,2023 wards,174,19,0,Total,0,Sex,1000,0,118,Age 17,118,Individual age,1000,3,20100,Value,242,A,Normal Value,F,Free (free for publication),Nm-2014d1d32352e0d729811863d0d118d20100,117,198
118,2022,2022,2022,date,0,0,729811863,Kippax & Methley,E05011401,2023 wards,174,19,0,Total,0,Sex,1000,0,119,Age 18,119,Individual age,1000,4,20100,Value,254,A,Normal Value,F,Free (free for publication),Nm-2014d1d32352e0d729811863d0d119d20100,118,198
119,2022,2022,2022,date,0,0,729811863,Kippax & Methley,E05011401,2023 wards,174,19,0,Total,0,Sex,1000,0,120,Age 19,120,Individual age,1000,5,20100,Value,255,A,Normal Value,F,Free (free for publication),Nm-2014d1d32352e0d729811863d0d120d20100,119,198
120,2022,2022,2022,date,0,0,729811864,Kirkstall,E05011402,2023 wards,174,20,0,Total,0,Sex,1000,0,200,All Ages,200,Labour Market category,5000,0,20100,Value,22363,A,Normal Value,F,Free (free for publication),Nm-2014d1d32352e0d729811864d0d200d20100,120,198
121,2022,2022,2022,date,0,0,729811864,Kirkstall,E05011402,2023 wards,174,20,0,Total,0,Sex,1000,0,201,Aged 0 to 15,201,Labour Market category,5000,1,20100,Value,3299,A,Normal Value,F,Free (free for publication),Nm-2014d1d32352e0d729811864d0d201d20100,121,198
122,2022,2022,2022,date,0,0,729811864,Kirkstall,E05011402,2023 wards,174,20,0,Total,0,Sex,1000,0,117,Age 16,117,Individual age,1000,2,20100,Value,169,A,Normal Value,F,Free (free for publication),Nm-2014d1d32352e0d729811864d0d117d20100,122,198
123,2022,2022,2022,date,0,0,729811864,Kirkstall,E05011402,2023 wards,174,20,0,Total,0,Sex,1000,0,118,Age 17,118,Individual age,1000,3,20100,Value,182,A,Normal Value,F,Free (free for publication),Nm-2014d1d32352e0d729811864d0d118d20100,123,198
124,2022,2022,2022,date,0,0,729811864,Kirkstall,E05011402,2023 wards,174,20,0,Total,0,Sex,1000,0,119,Age 18,119,Individual age,1000,4,20100,Value,200,A,Normal Value,F,Free (free for publication),Nm-2014d1d32352e0d729811864d0d119d20100,124,198
125,2022,2022,2022,date,0,0,729811864,Kirkstall,E05011402,2023 wards,174,20,0,Total,0,Sex,1000,0,120,Age 19,120,Individual age,1000,5,20100,Value,407,A,Normal Value,F,Free (free for publication),Nm-2014d1d32352e0d729811864d0d120d20100,125,198
126,2022,2022,2022,date,0,0,729811865,Little London & Woodhouse,E05011403,2023 wards,174,21,0,Total,0,Sex,1000,0,200,All Ages,200,Labour Market category,5000,0,20100,Value,34637,A,Normal Value,F,Free (free for publication),Nm-2014d1d32352e0d729811865d0d200d20100,126,198
127,2022,2022,2022,date,0,0,729811865,Little London & Woodhouse,E05011403,2023 wards,174,21,0,Total,0,Sex,1000,0,201,Aged 0 to 15,201,Labour Market category,5000,1,20100,Value,3023,A,Normal Value,F,Free (free for publication),Nm-2014d1d32352e0d729811865d0d201d20100,127,198
128,2022,2022,2022,date,0,0,729811865,Little London & Woodhouse,E05011403,2023 wards,174,21,0,Total,0,Sex,1000,0,117,Age 16,117,Individual age,1000,2,20100,Value,252,A,Normal Value,F,Free (free for publication),Nm-2014d1d32352e0d729811865d0d117d20100,128,198
129,2022,2022,2022,date,0,0,729811865,Little London & Woodhouse,E05011403,2023 wards,174,21,0,Total,0,Sex,1000,0,118,Age 17,118,Individual age,1000,3,20100,Value,248,A,Normal Value,F,Free (free for publication),Nm-2014d1d32352e0d729811865d0d118d20100,129,198
130,2022,2022,2022,date,0,0,729811865,Little London & Woodhouse,E05011403,2023 wards,174,21,0,Total,0,Sex,1000,0,119,Age 18,119,Individual age,1000,4,20100,Value,1220,A,Normal Value,F,Free (free for publication),Nm-2014d1d32352e0d729811865d0d119d20100,130,198
131,2022,2022,2022,date,0,0,729811865,Little London & Woodhouse,E05011403,2023 wards,174,21,0,Total,0,Sex,1000,0,120,Age 19,120,Individual age,1000,5,20100,Value,5349,A,Normal Value,F,Free (free for publication),Nm-2014d1d32352e0d729811865d0d120d20100,131,198
132,2022,2022,2022,date,0,0,729811866,Middleton Park,E05011404,2023 wards,174,22,0,Total,0,Sex,1000,0,200,All Ages,200,Labour Market category,5000,0,20100,Value,29758,A,Normal Value,F,Free (free for publication),Nm-2014d1d32352e0d729811866d0d200d20100,132,198
133,2022,2022,2022,date,0,0,729811866,Middleton Park,E05011404,2023 wards,174,22,0,Total,0,Sex,1000,0,201,Aged 0 to 15,201,Labour Market category,5000,1,20100,Value,7249,A,Normal Value,F,Free (free for publication),Nm-2014d1d32352e0d729811866d0d201d20100,133,198
134,2022,2022,2022,date,0,0,729811866,Middleton Park,E05011404,2023 wards,174,22,0,Total,0,Sex,1000,0,117,Age 16,117,Individual age,1000,2,20100,Value,365,A,Normal Value,F,Free (free for publication),Nm-2014d1d32352e0d729811866d0d117d20100,134,198
135,2022,2022,2022,date,0,0,729811866,Middleton Park,E05011404,2023 wards,174,22,0,Total,0,Sex,1000,0,118,Age 17,118,Individual age,1000,3,20100,Value,399,A,Normal Value,F,Free (free for publication),Nm-2014d1d32352e0d729811866d0d118d20100,135,198
136,2022,2022,2022,date,0,0,729811866,Middleton Park,E05011404,2023 wards,174,22,0,Total,0,Sex,1000,0,119,Age 18,119,Individual age,1000,4,20100,Value,420,A,Normal Value,F,Free (free for publication),Nm-2014d1d32352e0d729811866d0d119d20100,136,198
137,2022,2022,2022,date,0,0,729811866,Middleton Park,E05011404,2023 wards,174,22,0,Total,0,Sex,1000,0,120,Age 19,120,Individual age,1000,5,20100,Value,380,A,Normal Value,F,Free (free for publication),Nm-2014d1d32352e0d729811866d0d120d20100,137,198
138,2022,2022,2022,date,0,0,729811867,Moortown,E05011405,2023 wards,174,23,0,Total,0,Sex,1000,0,200,All Ages,200,Labour Market category,5000,0,20100,Value,23802,A,Normal Value,F,Free (free for publication),Nm-2014d1d32352e0d729811867d0d200d20100,138,198
139,2022,2022,2022,date,0,0,729811867,Moortown,E05011405,2023 wards,174,23,0,Total,0,Sex,1000,0,201,Aged 0 to 15,201,Labour Market category,5000,1,20100,Value,4630,A,Normal Value,F,Free (free for publication),Nm-2014d1d32352e0d729811867d0d201d20100,139,198
140,2022,2022,2022,date,0,0,729811867,Moortown,E05011405,2023 wards,174,23,0,Total,0,Sex,1000,0,117,Age 16,117,Individual age,1000,2,20100,Value,254,A,Normal Value,F,Free (free for publication),Nm-2014d1d32352e0d729811867d0d117d20100,140,198
141,2022,2022,2022,date,0,0,729811867,Moortown,E05011405,2023 wards,174,23,0,Total,0,Sex,1000,0,118,Age 17,118,Individual age,1000,3,20100,Value,228,A,Normal Value,F,Free (free for publication),Nm-2014d1d32352e0d729811867d0d118d20100,141,198
142,2022,2022,2022,date,0,0,729811867,Moortown,E05011405,2023 wards,174,23,0,Total,0,Sex,1000,0,119,Age 18,119,Individual age,1000,4,20100,Value,237,A,Normal Value,F,Free (free for publication),Nm-2014d1d32352e0d729811867d0d119d20100,142,198
143,2022,2022,2022,date,0,0,729811867,Moortown,E05011405,2023 wards,174,23,0,Total,0,Sex,1000,0,120,Age 19,120,Individual age,1000,5,20100,Value,214,A,Normal Value,F,Free (free for publication),Nm-2014d1d32352e0d729811867d0d120d20100,143,198
144,2022,2022,2022,date,0,0,729811868,Morley North,E05011406,2023 wards,174,24,0,Total,0,Sex,1000,0,200,All Ages,200,Labour Market category,5000,0,20100,Value,23169,A,Normal Value,F,Free (free for publication),Nm-2014d1d32352e0d729811868d0d200d20100,144,198
145,2022,2022,2022,date,0,0,729811868,Morley North,E05011406,2023 wards,174,24,0,Total,0,Sex,1000,0,201,Aged 0 to 15,201,Labour Market category,5000,1,20100,Value,4100,A,Normal Value,F,Free (free for publication),Nm-2014d1d32352e0d729811868d0d201d20100,145,198
146,2022,2022,2022,date,0,0,729811868,Morley North,E05011406,2023 wards,174,24,0,Total,0,Sex,1000,0,117,Age 16,117,Individual age,1000,2,20100,Value,234,A,Normal Value,F,Free (free for publication),Nm-2014d1d32352e0d729811868d0d117d20100,146,198
147,2022,2022,2022,date,0,0,729811868,Morley North,E05011406,2023 wards,174,24,0,Total,0,Sex,1000,0,118,Age 17,118,Individual age,1000,3,20100,Value,220,A,Normal Value,F,Free (free for publication),Nm-2014d1d32352e0d729811868d0d118d20100,147,198
148,2022,2022,2022,date,0,0,729811868,Morley North,E05011406,2023 wards,174,24,0,Total,0,Sex,1000,0,119,Age 18,119,Individual age,1000,4,20100,Value,210,A,Normal Value,F,Free (free for publication),Nm-2014d1d32352e0d729811868d0d119d20100,148,198
149,2022,2022,2022,date,0,0,729811868,Morley North,E05011406,2023 wards,174,24,0,Total,0,Sex,1000,0,120,Age 19,120,Individual age,1000,5,20100,Value,221,A,Normal Value,F,Free (free for publication),Nm-2014d1d32352e0d729811868d0d120d20100,149,198
150,2022,2022,2022,date,0,0,729811869,Morley South,E05011407,2023 wards,174,25,0,Total,0,Sex,1000,0,200,All Ages,200,Labour Market category,5000,0,20100,Value,24449,A,Normal Value,F,Free (free for publication),Nm-2014d1d32352e0d729811869d0d200d20100,150,198
151,2022,2022,2022,date,0,0,729811869,Morley South,E05011407,2023 wards,174,25,0,Total,0,Sex,1000,0,201,Aged 0 to 15,201,Labour Market category,5000,1,20100,Value,4436,A,Normal Value,F,Free (free for publication),Nm-2014d1d32352e0d729811869d0d201d20100,151,198
152,2022,2022,2022,date,0,0,729811869,Morley South,E05011407,2023 wards,174,25,0,Total,0,Sex,1000,0,117,Age 16,117,Individual age,1000,2,20100,Value,283,A,Normal Value,F,Free (free for publication),Nm-2014d1d32352e0d729811869d0d117d20100,152,198
153,2022,2022,2022,date,0,0,729811869,Morley South,E05011407,2023 wards,174,25,0,Total,0,Sex,1000,0,118,Age 17,118,Individual age,1000,3,20100,Value,256,A,Normal Value,F,Free (free for publication),Nm-2014d1d32352e0d729811869d0d118d20100,153,198
154,2022,2022,2022,date,0,0,729811869,Morley South,E05011407,2023 wards,174,25,0,Total,0,Sex,1000,0,119,Age 18,119,Individual age,1000,4,20100,Value,246,A,Normal Value,F,Free (free for publication),Nm-2014d1d32352e0d729811869d0d119d20100,154,198
155,2022,2022,2022,date,0,0,729811869,Morley South,E05011407,2023 wards,174,25,0,Total,0,Sex,1000,0,120,Age 19,120,Individual age,1000,5,20100,Value,222,A,Normal Value,F,Free (free for publication),Nm-2014d1d32352e0d729811869d0d120d20100,155,198
156,2022,2022,2022,date,0,0,729811989,Otley & Yeadon,E05011549,2023 wards,174,26,0,Total,0,Sex,1000,0,200,All Ages,200,Labour Market category,5000,0,20100,Value,22609,A,Normal Value,F,Free (free for publication),Nm-2014d1d32352e0d729811989d0d200d20100,156,198
157,2022,2022,2022,date,0,0,729811989,Otley & Yeadon,E05011549,2023 wards,174,26,0,Total,0,Sex,1000,0,201,Aged 0 to 15,201,Labour Market category,5000,1,20100,Value,3724,A,Normal Value,F,Free (free for publication),Nm-2014d1d32352e0d729811989d0d201d20100,157,198
158,2022,2022,2022,date,0,0,729811989,Otley & Yeadon,E05011549,2023 wards,174,26,0,Total,0,Sex,1000,0,117,Age 16,117,Individual age,1000,2,20100,Value,221,A,Normal Value,F,Free (free for publication),Nm-2014d1d32352e0d729811989d0d117d20100,158,198
159,2022,2022,2022,date,0,0,729811989,Otley & Yeadon,E05011549,2023 wards,174,26,0,Total,0,Sex,1000,0,118,Age 17,118,Individual age,1000,3,20100,Value,239,A,Normal Value,F,Free (free for publication),Nm-2014d1d32352e0d729811989d0d118d20100,159,198
160,2022,2022,2022,date,0,0,729811989,Otley & Yeadon,E05011549,2023 wards,174,26,0,Total,0,Sex,1000,0,119,Age 18,119,Individual age,1000,4,20100,Value,217,A,Normal Value,F,Free (free for publication),Nm-2014d1d32352e0d729811989d0d119d20100,160,198
161,2022,2022,2022,date,0,0,729811989,Otley & Yeadon,E05011549,2023 wards,174,26,0,Total,0,Sex,1000,0,120,Age 19,120,Individual age,1000,5,20100,Value,201,A,Normal Value,F,Free (free for publication),Nm-2014d1d32352e0d729811989d0d120d20100,161,198
162,2022,2022,2022,date,0,0,729811870,Pudsey,E05011409,2023 wards,174,27,0,Total,0,Sex,1000,0,200,All Ages,200,Labour Market category,5000,0,20100,Value,25512,A,Normal Value,F,Free (free for publication),Nm-2014d1d32352e0d729811870d0d200d20100,162,198
163,2022,2022,2022,date,0,0,729811870,Pudsey,E05011409,2023 wards,174,27,0,Total,0,Sex,1000,0,201,Aged 0 to 15,201,Labour Market category,5000,1,20100,Value,4848,A,Normal Value,F,Free (free for publication),Nm-2014d1d32352e0d729811870d0d201d20100,163,198
164,2022,2022,2022,date,0,0,729811870,Pudsey,E05011409,2023 wards,174,27,0,Total,0,Sex,1000,0,117,Age 16,117,Individual age,1000,2,20100,Value,280,A,Normal Value,F,Free (free for publication),Nm-2014d1d32352e0d729811870d0d117d20100,164,198
165,2022,2022,2022,date,0,0,729811870,Pudsey,E05011409,2023 wards,174,27,0,Total,0,Sex,1000,0,118,Age 17,118,Individual age,1000,3,20100,Value,282,A,Normal Value,F,Free (free for publication),Nm-2014d1d32352e0d729811870d0d118d20100,165,198
166,2022,2022,2022,date,0,0,729811870,Pudsey,E05011409,2023 wards,174,27,0,Total,0,Sex,1000,0,119,Age 18,119,Individual age,1000,4,20100,Value,293,A,Normal Value,F,Free (free for publication),Nm-2014d1d32352e0d729811870d0d119d20100,166,198
167,2022,2022,2022,date,0,0,729811870,Pudsey,E05011409,2023 wards,174,27,0,Total,0,Sex,1000,0,120,Age 19,120,Individual age,1000,5,20100,Value,283,A,Normal Value,F,Free (free for publication),Nm-2014d1d32352e0d729811870d0d120d20100,167,198
168,2022,2022,2022,date,0,0,729811871,Rothwell,E05011410,2023 wards,174,28,0,Total,0,Sex,1000,0,200,All Ages,200,Labour Market category,5000,0,20100,Value,20510,A,Normal Value,F,Free (free for publication),Nm-2014d1d32352e0d729811871d0d200d20100,168,198
169,2022,2022,2022,date,0,0,729811871,Rothwell,E05011410,2023 wards,174,28,0,Total,0,Sex,1000,0,201,Aged 0 to 15,201,Labour Market category,5000,1,20100,Value,3657,A,Normal Value,F,Free (free for publication),Nm-2014d1d32352e0d729811871d0d201d20100,169,198
170,2022,2022,2022,date,0,0,729811871,Rothwell,E05011410,2023 wards,174,28,0,Total,0,Sex,1000,0,117,Age 16,117,Individual age,1000,2,20100,Value,206,A,Normal Value,F,Free (free for publication),Nm-2014d1d32352e0d729811871d0d117d20100,170,198
171,2022,2022,2022,date,0,0,729811871,Rothwell,E05011410,2023 wards,174,28,0,Total,0,Sex,1000,0,118,Age 17,118,Individual age,1000,3,20100,Value,224,A,Normal Value,F,Free (free for publication),Nm-2014d1d32352e0d729811871d0d118d20100,171,198
172,2022,2022,2022,date,0,0,729811871,Rothwell,E05011410,2023 wards,174,28,0,Total,0,Sex,1000,0,119,Age 18,119,Individual age,1000,4,20100,Value,231,A,Normal Value,F,Free (free for publication),Nm-2014d1d32352e0d729811871d0d119d20100,172,198
173,2022,2022,2022,date,0,0,729811871,Rothwell,E05011410,2023 wards,174,28,0,Total,0,Sex,1000,0,120,Age 19,120,Individual age,1000,5,20100,Value,205,A,Normal Value,F,Free (free for publication),Nm-2014d1d32352e0d729811871d0d120d20100,173,198
174,2022,2022,2022,date,0,0,729811872,Roundhay,E05011411,2023 wards,174,29,0,Total,0,Sex,1000,0,200,All Ages,200,Labour Market category,5000,0,20100,Value,24043,A,Normal Value,F,Free (free for publication),Nm-2014d1d32352e0d729811872d0d200d20100,174,198
175,2022,2022,2022,date,0,0,729811872,Roundhay,E05011411,2023 wards,174,29,0,Total,0,Sex,1000,0,201,Aged 0 to 15,201,Labour Market category,5000,1,20100,Value,4984,A,Normal Value,F,Free (free for publication),Nm-2014d1d32352e0d729811872d0d201d20100,175,198
176,2022,2022,2022,date,0,0,729811872,Roundhay,E05011411,2023 wards,174,29,0,Total,0,Sex,1000,0,117,Age 16,117,Individual age,1000,2,20100,Value,293,A,Normal Value,F,Free (free for publication),Nm-2014d1d32352e0d729811872d0d117d20100,176,198
177,2022,2022,2022,date,0,0,729811872,Roundhay,E05011411,2023 wards,174,29,0,Total,0,Sex,1000,0,118,Age 17,118,Individual age,1000,3,20100,Value,308,A,Normal Value,F,Free (free for publication),Nm-2014d1d32352e0d729811872d0d118d20100,177,198
178,2022,2022,2022,date,0,0,729811872,Roundhay,E05011411,2023 wards,174,29,0,Total,0,Sex,1000,0,119,Age 18,119,Individual age,1000,4,20100,Value,304,A,Normal Value,F,Free (free for publication),Nm-2014d1d32352e0d729811872d0d119d20100,178,198
179,2022,2022,2022,date,0,0,729811872,Roundhay,E05011411,2023 wards,174,29,0,Total,0,Sex,1000,0,120,Age 19,120,Individual age,1000,5,20100,Value,252,A,Normal Value,F,Free (free for publication),Nm-2014d1d32352e0d729811872d0d120d20100,179,198
180,2022,2022,2022,date,0,0,729813999,Temple Newsam,E05013831,2023 wards,174,30,0,Total,0,Sex,1000,0,200,All Ages,200,Labour Market category,5000,0,20100,Value,22916,A,Normal Value,F,Free (free for publication),Nm-2014d1d32352e0d729813999d0d200d20100,180,198
181,2022,2022,2022,date,0,0,729813999,Temple Newsam,E05013831,2023 wards,174,30,0,Total,0,Sex,1000,0,201,Aged 0 to 15,201,Labour Market category,5000,1,20100,Value,4456,A,Normal Value,F,Free (free for publication),Nm-2014d1d32352e0d729813999d0d201d20100,181,198
182,2022,2022,2022,date,0,0,729813999,Temple Newsam,E05013831,2023 wards,174,30,0,Total,0,Sex,1000,0,117,Age 16,117,Individual age,1000,2,20100,Value,252,A,Normal Value,F,Free (free for publication),Nm-2014d1d32352e0d729813999d0d117d20100,182,198
183,2022,2022,2022,date,0,0,729813999,Temple Newsam,E05013831,2023 wards,174,30,0,Total,0,Sex,1000,0,118,Age 17,118,Individual age,1000,3,20100,Value,272,A,Normal Value,F,Free (free for publication),Nm-2014d1d32352e0d729813999d0d118d20100,183,198
184,2022,2022,2022,date,0,0,729813999,Temple Newsam,E05013831,2023 wards,174,30,0,Total,0,Sex,1000,0,119,Age 18,119,Individual age,1000,4,20100,Value,286,A,Normal Value,F,Free (free for publication),Nm-2014d1d32352e0d729813999d0d119d20100,184,198
185,2022,2022,2022,date,0,0,729813999,Temple Newsam,E05013831,2023 wards,174,30,0,Total,0,Sex,1000,0,120,Age 19,120,Individual age,1000,5,20100,Value,283,A,Normal Value,F,Free (free for publication),Nm-2014d1d32352e0d729813999d0d120d20100,185,198
186,2022,2022,2022,date,0,0,729811873,Weetwood,E05011413,2023 wards,174,31,0,Total,0,Sex,1000,0,200,All Ages,200,Labour Market category,5000,0,20100,Value,22373,A,Normal Value,F,Free (free for publication),Nm-2014d1d32352e0d729811873d0d200d20100,186,198
187,2022,2022,2022,date,0,0,729811873,Weetwood,E05011413,2023 wards,174,31,0,Total,0,Sex,1000,0,201,Aged 0 to 15,201,Labour Market category,5000,1,20100,Value,3747,A,Normal Value,F,Free (free for publication),Nm-2014d1d32352e0d729811873d0d201d20100,187,198
188,2022,2022,2022,date,0,0,729811873,Weetwood,E05011413,2023 wards,174,31,0,Total,0,Sex,1000,0,117,Age 16,117,Individual age,1000,2,20100,Value,264,A,Normal Value,F,Free (free for publication),Nm-2014d1d32352e0d729811873d0d117d20100,188,198
189,2022,2022,2022,date,0,0,729811873,Weetwood,E05011413,2023 wards,174,31,0,Total,0,Sex,1000,0,118,Age 17,118,Individual age,1000,3,20100,Value,206,A,Normal Value,F,Free (free for publication),Nm-2014d1d32352e0d729811873d0d118d20100,189,198
190,2022,2022,2022,date,0,0,729811873,Weetwood,E05011413,2023 wards,174,31,0,Total,0,Sex,1000,0,119,Age 18,119,Individual age,1000,4,20100,Value,291,A,Normal Value,F,Free (free for publication),Nm-2014d1d32352e0d729811873d0d119d20100,190,198
191,2022,2022,2022,date,0,0,729811873,Weetwood,E05011413,2023 wards,174,31,0,Total,0,Sex,1000,0,120,Age 19,120,Individual age,1000,5,20100,Value,487,A,Normal Value,F,Free (free for publication),Nm-2014d1d32352e0d729811873d0d120d20100,191,198
192,2022,2022,2022,date,0,0,729811874,Wetherby,E05011414,2023 wards,174,32,0,Total,0,Sex,1000,0,200,All Ages,200,Labour Market category,5000,0,20100,Value,21579,A,Normal Value,F,Free (free for publication),Nm-2014d1d32352e0d729811874d0d200d20100,192,198
193,2022,2022,2022,date,0,0,729811874,Wetherby,E05011414,2023 wards,174,32,0,Total,0,Sex,1000,0,201,Aged 0 to 15,201,Labour Market category,5000,1,20100,Value,3448,A,Normal Value,F,Free (free for publication),Nm-2014d1d32352e0d729811874d0d201d20100,193,198
194,2022,2022,2022,date,0,0,729811874,Wetherby,E05011414,2023 wards,174,32,0,Total,0,Sex,1000,0,117,Age 16,117,Individual age,1000,2,20100,Value,212,A,Normal Value,F,Free (free for publication),Nm-2014d1d32352e0d729811874d0d117d20100,194,198
195,2022,2022,2022,date,0,0,729811874,Wetherby,E05011414,2023 wards,174,32,0,Total,0,Sex,1000,0,118,Age 17,118,Individual age,1000,3,20100,Value,222,A,Normal Value,F,Free (free for publication),Nm-2014d1d32352e0d729811874d0d118d20100,195,198
196,2022,2022,2022,date,0,0,729811874,Wetherby,E05011414,2023 wards,174,32,0,Total,0,Sex,1000,0,119,Age 18,119,Individual age,1000,4,20100,Value,206,A,Normal Value,F,Free (free for publication),Nm-2014d1d32352e0d729811874d0d119d20100,196,198
197,2022,2022,2022,date,0,0,729811874,Wetherby,E05011414,2023 wards,174,32,0,Total,0,Sex,1000,0,120,Age 19,120,Individual age,1000,5,20100,Value,214,A,Normal Value,F,Free (free for publication),Nm-2014d1d32352e0d729811874d0d120d20100,197,198
