,,, Allocation for Reception and Junior School places for Community and Voluntary Controlled Schools ,,,,,,,,,,,,,,,,,,,,,,,
School Code,Phase,Type,School,AddressLine1,AddressLine2,AddressLine3,PostCode,X_REF,Y_REF,Telephone,Email,Website,Area,AgeRange Minimum,AgeRange Maximum,Reception  Furthest Distance in miles,Last Criteria Admitted,EHCP/ Other,Priority 1   ,Priority 2  ,Priority 3  ,Priority 4  ,Priority 5 ,Published Admission Number,Places Allocated,
3030,Primary,Voluntary Controlled,Aberford Church of England Voluntary Controlled Primary School,School Lane,Aberford,Leeds,LS25 3BU,443232,437054,0113 281 3302,office@aberfordceprimary.org.uk,http://www.aberford.leeds.sch.uk,E,4,11,2.356,5,0,0,0,5,6,1,14,12,
2416,Primary,Community,Adel Primary School,Tile Lane,Adel,Leeds,LS16 8DY,428005,439325,0113 230 1116,r.spinks@adelprimary.org.uk,http://www.adelprimary.org.uk,NW,3,11,0.649,4,0,0,0,14,16,0,30,30,
3902,Primary,Voluntary Aided,Adel St John The Baptist Church of England Primary School,Long Causeway,Adel,Leeds,LS16 8EX,427666,439696,0113 214 1040,info@adel-st-john.leeds.sch.uk,http://www.adel-st-john.leeds.sch.uk,NW,4,11,,,,,,,,,,,
2034,Primary,Academy,Alder Tree Primary Academy ,Potternewton Mount,,Leeds,LS7 2DR,429766,436461.3,0113 262 0021,office@mfprimary.com,http://www.mfprimary.com/,NE,3,11,,,,,,,,,,,
3909,Primary,Voluntary Aided,All Saints Richmond Hill C Of E Primary School,Cross Aysgarth Mount,,Leeds,LS9 9AD,431762,433529,0113 214 3056,Headteacher@allsaints-pri.leeds.sch.uk ,http://www.allsaints-pri.leeds.sch.uk,E,3,11,,,,,,,,,,,
2507,Primary,Foundation,Allerton Bywater Primary School,Leeds Road,Allerton Bywater,Castleford,WF10 2DR,441632,428057,0113 336 8240,office@allertonbywater.leeds.sch.uk,http://www.allertonbywater.leeds.sch.uk,E,3,11,,,,,,,,,,,
3931,Primary,Voluntary Controlled,Allerton Church Of England Primary School,Lingfield Approach,,Leeds,LS17 7HL,429837,439357.2,0113 293 0699,denise.glazer@allertonceprimary.com,http://allertonceprimary.com,NE,3,11,3.227,5,1,1,0,29,13,17,90,61,
2436,Primary,Community,Alwoodley Primary School,Cranmer Rise,,Leeds,LS17 5HX,429305,439464,0113 268 6104,jane.langley@alwoodley.net,http://www.alwoodleyprimary.net/,NE,3,11,316.097,5,0,1,0,21,18,14,60,54,
2032,Primary,Academy,Armley Park Primary School,Salisbury Terrace,,Leeds,LS12 2AY,427144,433927,0113 263 9216,cooper.jennifer@armleyprimary.org.uk,http://www.armley-pri.leeds.sch.uk,W,3,11,,,,,,,,,,,
2401,Primary,Academy,Ashfield Primary School,Weston Lane,Otley,Leeds,LS21 2DF,419272,446259,0194 346 3341,info@ashfieldprimary.co.uk ,http://www.ashfieldprimary.co.uk,NW,3,11,,,,,,,,,,,
2512,Primary,Community,Asquith Primary School,Horsfall Street,Morley,Leeds,LS27 9QY,425775,428846,0113 307 5550,hayley.walton@asquithprimary.org,http://www.asquithprimary.leeds.sch.uk/,S,3,11,3.812,5,0,2,0,16,1,8,60,30,
2463,Primary,Academy,Austhorpe Primary School,Austhorpe Lane,,Leeds,LS15 8TP,437213,433658,0113 264 0450,office@austhorpeprimary.org,http://www.austhorpe.leeds.sch.uk/,E,4,11,,,,,,,,,,,
2425,Primary,Foundation ,Bankside Primary School,Shepherd Lane,,Leeds,LS8 5AW,431551,435482,0113 336 8383,school.office@banksideprimary.org,http://banksideprimary.org/,NE,3,11,,,,,,,,,,,
2385,Primary,Foundation,Bardsey Primary School,Woodacre Lane,Bardsey,Leeds,LS17 9DG,436392,443452,0193 757 2612,office@bardseyprimary.org.uk,http://www.bardseyprimary.org.uk/,NE,4,11,,,,,,,,,,,
3033,Primary,Voluntary Controlled,Barwick-in-Elmet Church of England Voluntary Controlled Primary School,Chapel Lane,Bawick-in-Elmet,Leeds,LS15 4HL,440257,437237,0113 281 2132,office@barwick-in-elmet.leeds.sch.uk,http://www.barwick-in-elmetschool.com,N,3,11,8.104,5,0,1,0,8,11,4,30,24,
2444,Primary,Foundation,Beechwood Primary School,Kentmere Avenue,,Leeds,LS14 6QB,435141,435924,0113 293 0250,office@beechwoodprimaryschool.co.uk,http://www.beechwoodprimaryschool.co.uk/,E,3,11,,,,,,,,,,,
2407,Primary,Community,Beecroft Primary School,Eden Way,,Leeds,LS4 2TF,426699,435205,0113 214 4562,info@beecroft.leeds.sch.uk,http://www.beecroft.leeds.sch.uk/,NW,3,11,0.295,4,0,0,0,26,19,0,45,45,
3913,Primary,Voluntary Aided,Beeston Hill St Luke's Church of England Primary School,Beeston Road,,Leeds,LS11 8ND,429554,431876,0113 214 5217,hayley.chalders@bsl.leeds.sch.uk,http://www.bsl.sch.uk,S,3,11,,,,,,,,,,,
2470,Primary,Foundation,Beeston Primary School,Town Street,,Leeds,LS11 8PN,428228,430736,0113 271 6978,office@beestonprimary.org,http://www.beestonprimaryschool.co.uk,S,3,11,,,,,,,,,,,
2369,Primary,Community,Birchfield Primary School,Birchfield Avenue,Gildersome,Leeds,LS27 7HU,424120,428882,0113 253 3009,s.wharton@birchfieldprimary.org.uk,http://www.birchfieldprimary.org.uk,S,3,11,0.85,5,0,1,0,5,8,16,30,30,
2025,Primary,Academy,Blackgates Primary School,Smithy Lane,Tingley,Wakefield,WF3 1QQ,428742,425957,0113 8878155,info@blackgates.org.uk,http://www.blackgates-pri.leeds.sch.uk,S,3,11,,,,,,,,,,,
2408,Primary,Foundation,Blenheim Primary School,Lofthouse Place,,Leeds,LS2 9EX,429900,434622,0113 293 0808,office@blenheimprimaryschool.com,http://www.blenheimprimaryschool.com,NW,3,11,,,,,,,,,,,
2433,Primary,Community,Bracken Edge Primary School,Newton Garth,Newton Road,Leeds,LS7 4HE,431233,436133,0113 262 3335, BEPS@brackenedge.leeds.sch.uk,http://www.brackenedge.leeds.sch.uk,NE,3,11,315.129,5,0,2,0,26,9,11,60,49,
2329,Primary,Community,Bramham Primary School,Clifford Road,Bramham,Wetherby,LS23 6JQ,442710,443623,0193 784 3682,c.kitchen@bramhamprimary.org,http://www.bramhamprimary.co.uk,NE,4,11,3.51,5,0,0,0,10,6,4,30,20,
2406,Primary,Academy,Bramhope Primary School ,Tredgold Crescent,Bramhope,Leeds,LS16 9BR,425236,442933,0113 267 1222,susan.hepworth@bramhopeprimaryschool.co.uk,http://www.bramhope.eschools.co.uk,NW,4,11,,,,,,,,,,,
2030,Primary,Academy,Bramley Park Academy,Fairfield Hill,,Leeds,LS13 3DP,423633,434958,0113 214 6169,headteacher@bramley.leeds.sch.uk,http://www.bramleyprimary.co.uk,W,3,11,,,,,,,,,,,
3054,Primary,Voluntary Aided,Bramley St Peter's Church of England Voluntary Aided Primary School,Hough Lane,,Leeds,LS13 3NE,424448,434928,0113 255 9680,info@bsp.leeds.sch.uk,http://www.bsp.leeds.sch.uk,W,4,11,,,,,,,,,,,
2398,Primary,Community,Broadgate Primary School,North Broadgate Lane,Horsforth,Leeds,LS18 5AF,424231,438392,0113 258 2685,office@broadgateprimary.org.uk,http://www.broadgate.ik.org,NW,3,11,0.365,5,0,1,0,20,19,7,60,48,
3915,Primary,Voluntary Aided,Brodetsky Primary School,Henry Cohen Campus,Wentworth Avenue,Leeds,LS17 7TN,430181,439856,0113 293 0578,info@ljfs.org,http://www.brodetsky.leeds.sch.uk,NE,3,11,,,,,,,,,,,
2409,Primary,Foundation,Brudenell Primary School,Welton Place,,Leeds,LS6 1EW,428309,435358,0113 278 5168,info@brudenell.leeds.sch.uk,http://www.brudenellprimary.co.uk,NW,3,11,,,,,,,,,,,
3052,Primary,Voluntary Controlled,Burley St Matthias' Church of England Voluntary Controlled Primary School,Burley Road,,Leeds,LS4 2HY,427664,434714,0113 336 7401,jmayhall@burleystmatthias.co.uk,http://www.burleystmatthias.co.uk,NW,4,11,0.274,5,0,1,0,13,2,13,30,30,
3046,Primary,Voluntary Aided,Calverley Church of England Voluntary Aided Primary School,Towngate ,Calverley,Leeds,LS28 5NF,420825,437223,0113 2567929,office@calverleyce.co.uk,http://www.calverleycofeprimaryschool.co.uk/,W,4,11,,,,,,,,,,,
2028,Primary,Academy,Calverley Parkside Primary School,Victoria Street,Calverley,Leeds,LS28 5PQ,420612,436888,0113 257 0884,headteacher@calverleyparkside.leeds.sch.uk,http://www.calverleyparkside.leeds.sch.uk/,W,3,11,,,,,,,,,,,
2308,Primary,Community,Carlton Primary School,New Road,,Carlton ,WF3 3RE,433635,427168,0113 214 6316,enquiries@carltonprimaryschool.co.uk,http://www.carltonprimaryschool.co.uk,S,3,11,3.287,5,0,0,0,14,6,2,45,22,
8902,Through School,Foundation ,Carr Manor Community School (Primary Site),"Carr Manor Road
",, Leeds ,LS17 5DJ,429446,437449,0113 336 8400,info@carrmanor.org.uk,www.carrmanor.org.uk,NE,4,18,,,,,,,,,,,
2486,Primary,Community,Castleton Primary School,Green Lane,,Leeds,LS12 1JZ,428038,433009,0113 263 7756,headteacher@castletonleeds.org.uk,http://www.castleton.leeds.sch.uk,W,3,11,2.591,5,0,0,0,25,16,10,60,52,
2427,Primary,Community,Chapel Allerton Primary School,Harrogate Road,,Leeds,LS7 3PD,430560,436844,0113 262 4851,c.easton@chapelallertonprimary.co.uk,http://www.chapelallertonprimary.co.uk,NE,3,11,0.676,5,0,0,0,20,24,16,60,60,
2027,Primary,Academy,Christ Church Upper Armley Church Of England Primary School,Theaker Lane,,Leeds,LS12 3NU,426647,433747,0113 263 8606,admin@ccuaprimary.org.uk,http://www.christchurchupperarmley.ik.org/,W,4,11,,,,,,,,,,,
2020,Primary,Academy,Christ The King Catholic Primary School - A  Voluntary Academy,Kings Approach,,Leeds,LS13 2DX,425250,434487,0113 257 9230,office@ctkcps.org.uk,http://www.christtheking.leeds.sch.uk,W,4,11,,,,,,,,,,,
2286,Primary,Community,Churwell Primary School,Westwood Side,Morley,Leeds,LS27 9HR,426713,429206,0113 252 7437,office@churwellprimary.org.uk,http://www.churwell.leeds.sch.uk,S,3,11,1.233,5,0,1,1,27,21,7,60,57,
2482,Primary,Foundation,Clapgate Primary School,Cranmore Drive,,Leeds,LS10 4AW,431758,428488,0113 271 6700,beltm@westwoodandclapgate.org,http://www.clapgate.leeds.sch.uk,S,3,11,,,,,,,,,,,
2487,Primary,Community,Cobden Primary School,Cobden Road,,Leeds,LS12 5LA,425752,431890,0113 214 3567,office@cobden.leeds.sch.uk,http://www.cobden.leeds.sch.uk,W,3,11,0.342,5,0,0,0,12,5,1,30,18,
2031,Infant,Academy,Cockburn Haigh Road Academy,Haigh Road,Rothwell,Leeds,LS26 0NQ,434188,428928,0113 214 6314,info@haighroad.org.uk,http://www.haighroadinfantschool.com,S,3,7,,,,,,,,,,,
3357,Primary,Voluntary Aided,Collingham Lady Elizabeth Hastings' Church of England Primary School,Linton Road,,Leeds,LS22 5BS,438365,446015,0193 757 3117,office@collinghamschool.org,http://www.collinghamschool.com,NE,4,11,,,,,,,,,,,
2453,Primary,Academy,Colton Primary School,School Lane,,Leeds,LS15 9AL,437173,433005,0113 264 7514,colton.school@colton.org.uk,http://www.colton.leeds.sch.uk,E,3,11,,,,,,,,,,,
3903,Primary,Voluntary Aided,Cookridge Holy Trinity Church of England (Aided) Primary School,Green Lane,,Leeds,LS16 7EZ,424885,440313.8,0113 225 3040,info@holytrinity.leeds.sch.uk,http://www.holytrinity.leeds.sch.uk,NW,4,11,,,,,,,,,,,
2418,Primary,Foundation,Cookridge Primary School,Tinshill Drive,,Leeds,LS16 7DH,425402,439981,0113 386 2500,info@cookridge.leeds.sch.uk,http://www.cookridgeprimaryschool.org.uk,NW,4,11,,,,,,,,,,,
2022,Primary,Academy,Co-Op Academy Beckfield,Tyersal Walk,,Bradford,BD4 8ER,419799,432549,0127 466 2363,a.durn@pudseytyersalps.org.uk,http://www.pudseytyersalps.co.uk,W,3,11,,,,,,,,,,,
2007,Primary,Academy,Co-Op Academy Brownhill,Torre Road,,Leeds,LS9 7DH,432331,434109,0113 248 9539,admin@brownhill.coop,http://www.brownhillleeds.org.uk,E,3,11,,,,,,,,,,,
2012,Primary,Academy,Co-Op Academy Nightingale,Stanley Road,,Leeds,LS9 7AX,432106,434804,0746 714 6874,headteacher@nightingale.coop,http://www.nightingale.coop,NE,4,11,,,,,,,,,,,
2010,Primary,Academy,Co-Op Academy Oakwood,North Farm Road,,Leeds,LS8 3LZ,433161,435311,0113 240 2526,office@oakwood.coop,http://www.oakwoodleeds.org.uk,E,3,11,,,,,,,,,,,
2008,Primary,Academy,Co-Op Academy Woodlands,Foundry Place,,Leeds,LS9 6DA,432643,435163,0113 240 7382,office@woodlands.leeds.sch.uk,http://www.woodlands.coop,E,3,11,,,,,,,,,,,
3370,Primary,Voluntary Aided,Corpus Christi Catholic Primary School,Halton Moor Avenue,,Leeds,LS9 0HA,433947,433538,0113 248 3095,j.midgley@corpusprimaryleeds.org,http://leeds.schooljotter.com/corpusleeds,E,4,11,,,,,,,,,,,
2006,Primary,Academy,Cottingley Primary Academy,Dulverton Grove,,Leeds,LS11 0HU,427480,430316,0113 270 9503,office@cottingleyprimaryacademy.org,http://www.cottingley.leeds.sch.uk,S,3,11,,,,,,,,,,,
2458,Primary,Foundation,Cross Gates Primary School,Poole Crescent,,Leeds,LS15 7NB,435535,434590,0113 264 5763,admin@crossgates.leeds.sch.uk,http://www.leeds.gov.uk/,E,3,11,,,,,,,,,,,
2347,Primary,Foundation,Crossley Street Primary School,Crossley Street,Wetherby,Leeds,LS22 6RT,440189,448438,0193 752 0301,linda.mann@crossleystreet.leeds.sch.uk,http://www.crossleystreet.leeds.sch.uk,NE,3,11,,,,,,,,,,,
2400,Primary,Foundation,Deighton Gates Primary School,Deighton Road,Wetherby,Leeds,LS22 7Xl,440193,449571,0193 758 4359,staff@deightongates.leeds.sch.uk,http://www.deightongates.leeds.sch.uk,NE,4,11,,,,,,,,,,,
4075,Through School,Academy,Dixons Trinity Chapeltown Primary Campus,Leopold Street,Chapeltown,Leeds,LS7 4AW,431223,435014,0113 4685100,info@dixonstc.com,www.dixonstc.com,,4,16,,,,,,,,,,,
3921,Primary,Community,Drighlington Primary School,Moorland Road,,Drighlington,BD11 1JY,422422,428610,0113 386 2390,info@drighlingtonprimary.org.uk,http://www.drighlingtonprimary.co.uk,S,3,11,0.382,4,0,0,0,25,35,0,60,60,
2504,Primary,Academy,East Ardsley Primary Academy,Fall Lane,East Ardsley,Wakefield,WF3 2BA,430766,425516,0113 887 9023,office@eastardsley.org.uk,http://www.eastardsley.leeds.sch.uk,S,3,11,,,,,,,,,,,
2395,Primary,Academy,East Garforth Primary Academy,Aberford Road,Garforth,Leeds,LS25 2HF,441726,433713,0113 212 7100,info@egpa.org.uk,http://egpa.org.uk,E,3,11,,,,,,,,,,,
2018,Primary,Academy,Ebor Gardens Primary School,Rigton Drive ,,Leeds,LS9 7PY,431549,433879.8,0113 248 2750,business.manager@eborgardensprimary.co.uk,http://www.eborgardensprimary.co.uk,E,3,11,,,,,,,,,,,
2024,Primary,Academy,Elements Primary Free School,Acre Mount,Middleton,Leeds,LS10 4WR,430511,427709,0113 4870606,office@elementsprimary.co.uk,www.elementsprimaryschool.co.uk,,4,11,,,,,,,,,,,
2505,Primary,Community,Farsley Farfield Primary School,Cote Lane,Farsley,Leeds,LS28 5ED,421048,434857,0113 205 8130,office@farsleyfarfield.org.uk,http://www.farsleyfarfield.org.uk,W,3,11,2.147,5,1,3,0,25,8,21,60,58,
2338,Junior,Community,Farsley Springbank Primary School,Wesley Street,Farsley,Leeds,LS28 5LE,421900,435239,0113 255 8719,Info@farsleyspringbank.co.uk,http://www.farsleyspringbankjuniorschool.co.uk/,W,7,11,0.426,5,0,4,0,27,16,13,60,60,
2302,Infant,Community,Farsley Westroyd Primary School,Frances Street,Farsley,Leeds,LS28 5BH,421708,434817,0113 255 1601,ruth.hall@westroyd.leeds.sch.uk,http://www.westroydprimaryschoolandnursery.co.uk,W,4,11,17.819,5,0,0,0,8,5,13,30,26,
2469,Primary,Community,Fieldhead Carr Primary School,Naburn Approach,,Leeds,LS14 2EG,435846,438065,0113 293 0226,fhcschool@fieldheadcarr.leeds.sch.uk,http://www.fieldheadcarr.leeds.sch.uk,E,3,11,1.55,5,0,0,0,30,20,10,60,60,
2492,Primary,Community,Five Lanes Primary School,Stradbroke Way,,Leeds,LS12 4NB,427161,432757,0113 279 0122,info@fivelanesprimary.co.uk,http://www.fivelanesprimary.co.uk,W,3,11,0.907,5,0,0,0,23,23,14,60,60,
3926,Primary,Community,Fountain Primary School,Fountain Street,Morley,Leeds,LS27 0AW,425820,426999,0113 8878235,info@fountainprimary.leeds.sch.uk,http://www.fountainprimary.leeds.sch.uk,S,3,11,15.562,5,0,0,0,16,25,6,60,47,
2336,Primary,Community,Gildersome Primary School,Town Street,Gildersome,Leeds,LS27 7AB,424463,429108,0113 201 2450,Head@gildersomeprimary.org.uk,http://www.gildersomeprimary.org.uk,S,3,11,2.611,5,0,1,0,21,13,10,45,45,
2428,Primary,Community,Gledhow Primary School,Lidgett Lane,,Leeds,LS8 1PL,431619,437508,0113 293 0392,info@gledhowschool.org,http://www.gledhow.leeds.sch.uk,NE,3,11,0.598,5,0,0,0,48,29,13,90,90,
2447,Primary,Foundation,Grange Farm Primary School,Barncroft Rise,,Leeds,LS14 1AX,434807,436965,0113 293 0120,admin.manager@grangefarm.leeds.sch.uk,http://www.grangefarm.leeds.sch.uk/,E,3,11,,,,,,,,,,,
3925,Primary,Voluntary Controlled,Great Preston Church of England Primary School,Preston Lane,Great Preston ,Leeds,LS26 8AR,440405,429162,0113 214 6816,simpsod08@brigshawtrust.com,http://www.greatpreston-pri.leeds.sch.uk,E,4,11,0.662,5,0,0,0,12,17,1,30,30,
2396,Primary,Academy,Green Lane Primary Academy,Ribblesdale Avenue,Garforth,Leeds,LS25 2JX,441808,432720,0113 212 7107,info@glpa.org.uk,http://www.glpa.org.uk,E,3,11,,,,,,,,,,,
2499,Primary,Community,Greenhill Primary School,Gamble Hill Drive,,Leeds,LS13 4JJ,424994,433676,0113 263 5271,info@greenhill.leeds.sch.uk,http://www.greenhill.leeds.sch.uk/,W,3,11,1.449,5,0,0,0,12,11,10,45,33,
2473,Primary,Community,Greenmount Primary School,Lodge Lane,,Leeds,LS11 6BA,429549,431303,0113 276 0771,info@greenmountprimary.co.uk,http://www.greenmountprimary.co.uk,S,3,11,0.618,5,0,0,1,32,16,11,60,60,
2303,Primary,Community,Greenside Primary School,Chapeltown,Pudsey,Leeds,LS28 8NZ,421964,432904,0113 257 4509,info@greenmountprimary.co.uk,http://www.greenside.leeds.sch.uk,W,4,11,1.562,5,0,0,0,12,9,8,45,29,
2448,Primary,Community,Grimes Dyke Primary School,Stanks Drive,,Leeds,LS14 5BY,436557,436704,0113 294 1066,headteacher@grimesdyke.leeds.sch.uk,http://www.grimesdyke.leeds.sch.uk,E,3,11,0.293,0,0,0,0,11,9,5,30,28,
2270,Primary,Foundation,Guiseley Primary School,Oxford Road,Guiseley,Leeds,LS20 9DA,419097,442252,0194 387 3359,office@guiseleyinfants.org.uk,http://www.guiseleyinfants.org.uk/,NW,3,7,,,,,,,,,,,
2449,Primary,Community,Harehills Primary School,Darfield Road,,Leeds,LS8 5DQ,432097,435211,0113 235 0539,info@harehills.leeds.sch.uk,http://www.harehills.leeds.sch.uk/,E,3,11,4.215,5,0,2,0,40,18,23,90,83,
3037,Primary,Voluntary Controlled,Harewood Church of England Voluntary Controlled Primary School,Harrogate Road,Harewood,Leeds,LS17 9LH,432200,445085,0113 288 6394,office@harewood.leeds.sch.uk,http://www.harewood-leeds.frogos.net,NE,4,11,4.476,5,0,0,0,4,3,3,15,10,
3351,Primary,Voluntary Aided,Hawksworth Church of England Primary School,Main Street,Guiseley,Leeds,LS20 8NX,416508,441784,0194 387 2808,admin@hawksworthceprimary.org,http://www.hawksworthceprimary.org/,NW,4,11,,,,,,,,,,,
2417,Primary,Community,Hawksworth Wood Primary School,Cragside Walk,,Leeds,LS5 3QE,425247,437304,0113 258 3984,a.padden@hwood.org.uk,http://www.hawksworthwood.leeds.sch.uk,NW,4,11,1.084,5,0,1,0,23,16,2,60,43,
2438,Primary,Community,Highfield Primary School,Sandringham Green,,Leeds,LS17 8DJ,431232,439574,0113 293 0155,admin@highfield.leeds.sch.uk,http://www.highfield-primary.co.uk,NE,4,11,1.536,5,0,1,0,23,15,21,60,60,
2292,Primary,Academy,Hill Top Primary Academy,Batley Road,West Ardsley,Leeds,WF3 1HD,428040,424516,0113 307 4750,office@hilltopprimary.org.uk,http://www.hilltopprimary.org.uk,S,3,11,,,,,,,,,,,
2014,Primary,Academy,Hillcrest Academy,Cowper Street,,Leeds,LS7 4DR,431273,435505,0113 262 4080,,http://www.hillcrest.leeds.sch.uk,NE,3,11,,,,,,,,,,,
3922,Primary,Community,Hollybush Primary School,Broad Lane,,Leeds,LS13 2JJ,425330,435352,0113 386 2470,school@hollybushprimary.org,http://www.hollybushprimaryschool.org.uk/,W,3,11,5.405,5,0,0,0,21,10,7,60,39,
3372,Primary,Voluntary Aided,Holy Family Catholic Primary School,Parliament Road,,Leeds,LS12 2LH,427711,433408,0113 279 7572,office@holyfamilyleeds.co.uk,http://www.holyfamilyleeds.co.uk,W,3,11,,,,,,,,,,,
2017,Primary,Voluntary Aided,Holy Name Catholic Voluntary Academy,Otley Old Road,,Leeds,LS16 6NF,426123,439068,0113 293 6444,holyname@holynameleeds.co.uk,http://www.holynameprimary.org.uk,NW,4,11,,,,,,,,,,,
3383,Primary,Voluntary Aided,Holy Rosary and St Anne's Catholic Primary School,Leopold Street,,Leeds,LS7 4AW,430819,435196,0113 8246300,secretary@st-annes.leeds.sch.uk,http://www.holyrosaryandstannes.org.uk,NE,3,11,,,,,,,,,,,
2013,Primary,Academy,"Holy Trinity Church Of England Academy, Rothwell",Queensway,Rothwell,Leeds,LS26 0NB,434509,428593,0113 273 9190,headteacher@rothwell.leeds.sch.uk,http://www.rothwellcofe.co.uk,S,4,11,,,,,,,,,,,
2283,Primary,Community,Horsforth Featherbank Primary School,Featherbank,Horsforth,Leeds,LS18 4QP,423713,437497,0113 214 4811,info@featherbank.leeds.sch.uk,http://www.featherbank.leeds.sch.uk,NW,4,11,0.442,5,0,0,0,9,14,7,30,30,
2363,Primary,Community,Horsforth Newlaithes Primary School,Victoria Crescent,Horsforth,Leeds,LS18 4PT,423255,436973,0113 258 8645,headteacher@stf.newlaithes.co.uk,http://www.newlaithes.co.uk,NW,4,11,0.93,4,0,1,0,31,28,0,60,60,
2450,Primary,Community,Hovingham Primary School,Hovingham Avenue,,Leeds,LS8 3QY,432405,435642,0113 248 9537,kim.andrews@hovingham.org,http://www.hovingham.leeds.sch.uk/,E,3,11,9.812,5,0,0,0,25,5,8,90,38,
2483,Primary,Foundation,Hugh Gaitskell Primary School,St Anthony's Drive,,Leeds,LS11 8AB,428563,430640,0113 271 6963,sue.richardson@hg-ps.org,http://www.hughgaitskell.leeds.sch.uk,S,3,11,,,,,,,,,,,
2474,Primary,Community,Hunslet Carr Primary School,Woodhouse Hill Road,,Leeds,LS10 2DN,431201,430724,0113 271 3804,christine.rayner@hunsletcarr.co.uk,http://www.hunsletcarr.leeds.sch.uk,S,3,11,1.073,5,0,0,0,22,18,3,60,43,
2475,Primary,Community,Hunslet Moor Primary School,Fairfold Avenue,,Leeds,LS11 5EL,430153,431367,0113 271 7257,headteacher@hunsletmoor.leeds.sch.uk,http://www.hunsletmoor.co.uk,S,3,11,3.297,5,0,1,0,18,13,17,60,49,
3381,Primary,Voluntary Aided,Immaculate Heart Of Mary Catholic Primary School,292 Harrogate Road,,Leeds,LS17 6SX,430602,438020,0113 336 8690,school.office@ihomcps.co.uk,http://www.immaculate-heart-of-mary.leeds.sch.uk,NE,4,11,,,,,,,,,,,
2476,Primary,Community,Ingram Road Primary School,Brown Lane East,Holbeck,Leeds,LS11 9LA,428832,432071,0113 245 6136,info@ingramroad.leeds.sch.uk,http://www.ingramroad.leeds.sch.uk/,S,3,11,0.254,5,0,0,0,19,13,0,45,32,
2420,Primary,Foundation,Ireland Wood Primary School,Raynel Gardens,,Leeds,LS16 6BW,426077,439670,0113 267 8032,info@irelandwood.leeds.sch.uk,http://www.irelandwood.leeds.sch.uk,NW,4,11,,,,,,,,,,,
2410,Primary,Foundation,Iveson Primary School,Iveson Rise,,Leeds,LS16 6LW,426108,438667,0113 225 6868,office@iveson-primary.co.uk,http://www.iveson-primary.co.uk,NW,3,11,,,,,,,,,,,
2434,Primary,Community,Kerr Mackie Primary School,Gledhow Lane,,Leeds,LS8 1NE,432135,437069,0113 336 8499,office@kmps.org.uk,http://www.kerrmackie-primary-school.org.uk/,NE,4,11,0.564,5,0,0,0,24,10,20,60,56,
2801,Primary,Academy,Kippax Ash Tree Primary School,Gibson Lane,Kippax,Leeds,LS25 7JL,441894,430482,0113 385 0680,secretary@kippaxashtree.leeds.sch.uk,http://www.kippaxashtree.leeds.sch.uk,E,3,11,,,,,,,,,,,
2384,Primary,Academy,Kippax Greenfield Primary School,Ebor Mount,Kippax,Leeds,LS25 7PA,441468,430609,0113 287 6195,kgpsoffice@brigshawtrust.com,www.kippaxgreenfield.co.uk,E,4,11,,,,,,,,,,,
2399,Primary,Academy,"Kippax North Junior, Infant and Nursery School",Brexdale Avenue,Kippax,Leeds,LS25 7Ej,440932,431517,0113 286 9427,deatonh01@brigshawtrust.com,http://www.kippaxnorth.leeds.sch.uk,E,3,11,,,,,,,,,,,
3904,Primary,Voluntary Aided,Kirkstall St Stephen's Church of England Primary School,Morris Lane,,Leeds,LS5 3JD,426431,435805,0113 382 1960,contactus@kirkstallss.net,http://www.kirkstall-st-stephens.leeds.sch.uk,NW,4,11,,,,,,,,,,,
2411,Primary,Community,Kirkstall Valley Primary School,Argie Road,,Leeds,LS4 2QZ,427295,434761,0113 887 8982,info@kirkstallvalley.org.uk,http://www.kirkstallvalley.leeds.sch.uk,NW,3,11,4.57,5,1,0,0,8,2,19,30,30,
5200,Primary,Voluntary Aided,Lady Elizabeth Hastings Church of England Primary School (Ledston),Green Lane,Ledston,Wakefield,WF10 2BD,443243,428780.2,0197 755 7758,lehoffice@brigshawtrust.com,http://www.ladyehastings.leeds.sch.uk,E,4,11,,,,,,,,,,,
3356,Primary,Voluntary Aided,Lady Elizabeth Hastings Church of England Primary School (Thorpe Arch),Dowkell Lane,Thorpe Arch,Wetherby,LS23 7AQ,443332,446217,0193 784 2566,helen.obridge@thorparch-leh.co.uk,http://www.ladyhastings-thorparch.leeds.sch.uk,NE,4,11,,,,,,,,,,,
2000,Primary,Foundation,Lane End Primary School,Beeston Road,Holbeck,Leeds,LS11 6TP,429704,432054,0113 271 7969,office@laneendprimary.co.uk,www.laneendprimary.org.uk,S,4,11,,,,,,,,,,,
2497,Primary,Community,Lawns Park Primary School,Chapel Lane,,Leeds,LS12 5EX,425093,432247,0113 263 7364,info@lawnspark.net,http://www.lawnspark.net/,W,3,11,0.263,5,0,1,0,16,12,1,30,30,
2037,Primary,Foundation,Little London Community Primary School and Nursery,Meanwood Street,,Leeds,LS7 1SR,430415,434799,0113 244 2457,office@littlelondonprimary.co.uk,http://www.littlelondon.leeds.sch.uk,NW,4,11,,,,,,,,,,,
2481,Primary,Community,Low Road Primary School,Belinda Street,Hunslet,Leeds,LS10 2PS,431475,431469,0113 271 6051,jayne.kellett@musicfederation.co.uk,http://www.musicfederation.co.uk/,S,3,11,3.179,5,0,0,0,14,4,6,30,25,
2496,Primary,Community,Lower Wortley Primary School,Lower Wortley Road,,Leeds,LS12 4PX,426476,431942,0113 386 2530,admin@lwps.org.uk,http://www.lowerwortley-pri.leeds.sch.uk/,W,3,11,1.146,5,0,0,0,9,14,12,45,35,
2365,Primary,Community,Lowtown Primary School,Kent Road,Pudsey,Leeds,LS28 9BB,422888,433466,0113 256 7303,admin@pudseylowtown.org.uk,http://www.pudseylowtown.leeds.sch.uk/,W,4,11,1.088,5,0,2,0,11,10,4,30,27,
2437,Primary,Academy,Manor Wood Primary,Carr Manor Road,,Leeds,LS17 5DJ,429618,437771,0113 268 9160,office@carrmanorprimary.org.uk,http://www.carrmanor-pri.leeds.sch.uk,NE,3,11,,,,,,,,,,,
2464,Primary,Community,Manston Primary School,Dennil Road,,Leeds,LS15 8SD,436599,435401,0113 264 5445,manston.primary@manston.leeds.sch.uk,http://www.manstonprimary.co.uk,E,4,11,0.298,5,0,0,0,12,17,1,30,30,
3910,Primary,Academy,Manston St James Primary Academy,Sandbed Lane,,Leeds,LS15 8JH,436615,435165,0113 273 9180,info@manston-st-james.leeds.sch.uk,http://www.manston-st-james.leeds.sch.uk,E,4,11,,,,,,,,,,,
3923,Primary,Academy,Meadowfield Primary School,Halton Moor Avenue,,Leeds,LS9 0JY,433677,433227,0113 3230010,linda.mackie@meadowfieldclc.org,http://www.meadowfieldclc.org,E,3,11,,,,,,,,,,,
3907,Primary,Voluntary Aided,Meanwood Church of England Primary School,Green Road,,Leeds,LS6 4LD,428207,437316,0113 275 5883,helen.sanderson@meanwood.leeds.sch.uk,http://www.meanwoodschool.co.uk,NW,4,11,,,,,,,,,,,
2023,Primary,Academy,Methley Primary School,Savile Road,Methley,Leeds,LS26 9HT,439966,427035,0113 386 2540,tracy.dell@methley-pri.leeds.sch.uk,http://www.methley-pri.leeds.sch.uk/,S,3,11,,,,,,,,,,,
3040,Primary,Academy,Micklefield C of E (C) Primary School,Great North Road,Micklefield,Leeds,LS25 4AQ,444371,433284,0113 336 8668,office@micklefieldceprimary.co.uk,http://www.micklefieldprimary.org.uk,E,3,11,,,,,,,,,,,
2477,Primary,Foundation,Middleton Primary School,Middleton Park Avenue,,Leeds,LS10 4HU,429892,427449,0113 271 7969,info@middletonprimary.net,http://www.middletonprimary.net,S,4,11,,,,,,,,,,,
3053,Primary,Voluntary Controlled,Middleton St Mary's Church of England Voluntary Controlled Primary School,Moor Flatts Road,,Leeds,LS10 3SW,430132,428331,0113 271 7206,enquiries@middletonstmarys.co.uk,http://www.middletonstmarys.co.uk,S,3,11,1.671,5,0,0,0,15,6,12,60,33,
2034,Primary,Academy,Mill Field Primary School,Potternewton Mount,,Leeds,LS7 2DR,429766,436461.3,0113 262 0021,office@mfprimary.com,http://www.mfprimary.com/,NE,3,11,,,,,,,,,,,
2439,Primary,Community,Moor Allerton Hall Primary School,Lidgett Lane,,Leeds,LS17 6QP,431470,438221,0113 336 8350,office@moorallertonhall.leeds.sch.uk,http://www.moorallertonhall.leeds.sch.uk,NE,3,11,316.247,5,0,0,0,37,8,15,90,62,
2440,Primary,Community,Moortown Primary School,Shadwell Lane,,Leeds,LS17 6DR,430872,438853,0113 268 5915,office@moortown.leeds.sch.uk,http://www.moortown.leeds.sch.uk,NE,4,11,0.264,5,0,0,0,14,13,3,30,30,
2321,Primary,Academy,Morley Newlands Academy,Wide Lane,Morley,Leeds,LS27 8PG,427624,428034,0113 323 1890,enquiries@morleynewlands.leeds.sch.uk,http://morleynewlands.leeds.sch.uk/,S,4,11,,,,,,,,,,,
2382,Primary,Community,Morley Victoria Primary School,Victoria Road,Morley,Leeds,LS27 9NW,426018,428288,0113 253 5253,office@morleyvictoria.org.uk,http://www.morleyvictoriaprimary.org.uk,S,3,11,1.242,5,0,1,0,22,16,21,60,60,
3927,Primary,Community,New Bewerley Community School,Bismarck Drive,,Leeds,LS11 6TB,430016,431677,0113 887 8718,secretary@newbewerley.org.uk,http://www.newbewerley.leeds.sch.uk,S,4,11,1.76,5,1,0,0,13,8,15,60,37,
2397,Primary,Foundation,Ninelands Primary School,Ninelands Lane,Garforth,Leeds,LS25 1NT,441099,432702,0113 287 8370,ffice@ninelands-school.co.uk,http://www.ninelands-school.co.uk,E,3,11,,,,,,,,,,,
2513,Primary,Voluntary Controlled,Otley All Saints Church of England Primary School,Lisker Drive,Otley,Leeds,LS21 1DF,420981,445208,0194 346 4703,office@otleyallsaints.co.uk,p://www.otleyallsaints.co.uk,NW,3,11,0.356,4,0,1,0,13,16,0,30,30,
2405,Primary,Community,Otley The Whartons Primary School,The Whartons,Otley,Leeds,LS21 2BS,420373,446901,0194 346 5018,info@whartonsprimary.co.uk,http://www.whartonsprimary.co.uk,NW,4,11,316.727,5,0,0,0,10,9,9,30,28,
2327,Primary,Community,Oulton Primary School,Green Lea,Oulton,Leeds,LS26 8NT,435835,428799,0113 214 6303,joanne.smithson@oulton.leeds.sch.uk,http://www.oulton.ik.org,S,3,11,5.269,5,0,0,0,18,9,16,45,43,
3376,Primary,Voluntary Aided,Our Lady of Good Counsel Catholic Primary School,Pigeon Cote Road,,Leeds,LS14 1EP,435102,436668,0113 2329031,administrator@ourladys.org,http://www.ourladyscatholicprim.org.uk,E,3,11,,,,,,,,,,,
2488,Primary,Community,Park Spring Primary School,Wellstone Avenue,,Leeds,LS13 4EH,423971,433677,0113 255 2526,office@parkspringprimary.co.uk,http://www.parkspringprimary.co.uk,W,3,11,7.679,5,0,0,0,23,8,13,60,44,
2005,Primary,Academy,Park View Primary Academy,Harlech Road,,Leeds,LS11 7DG,429513,430893,0113 212 7215,info@parkviewpa.org.uk,http://www.parkviewpa.org.uk,S,3,11,,,,,,,,,,,
2467,Primary,Community,Parklands Primary School,Dufton Approach ,,Leeds,LS14 6ED,435530,435383,0113 293 0282,d.mcelwee@parklandsleeds.org.uk,http://parklandsprimary.org.uk,E,4,11,0.435,5,0,2,0,26,9,8,45,45,
3051,Primary,Voluntary Controlled,Pool-in-Wharfedale Church of England Voluntary Controlled Primary School,Arthington Lane,Pool In Wharfedale,Leeds,LS21 1LG,424845,445126,0113 284 3151,info@poolprimarysch.org.uk,http://www.pool-in-wharfedale-leeds.co.uk/,NW,4,11,10.031,5,0,0,0,4,13,2,330,19,
2011,Primary,Academy,Primley Wood Primary Academy ,192A Chapeltown Road,,Leeds,LS7 4HZ,430978,436111,0113 887 3680,info@khalsascienceacademy.org.uk,http://www.khalsascienceacademy.org.uk/,NE,4,11,,,,,,,,,,,
2389,Primary,Foundation,Primrose Lane Primary School,Westwood Way,Boston Spa,Wetherby,LS23 6DX,442657,445388,0193 784 2667,info@primroselane.leeds.sch.uk,http://www.primroselane.leeds.sch.uk,NE,3,11,,,,,,,,,,,
2331,Primary,Community,Pudsey Bolton Royd Primary School,Moorland Grove,Pudsey,Leeds,LS28 8EP,420151,433922,0113 386 2560,info@pudseyboltonroyd.org,http://www.pudseyboltonroyd.org,W,3,11,1.556,5,0,0,0,33,19,8,60,60,
2339,Primary,Academy,Pudsey Primrose Hill Primary School,Primrose Hill,Stanningley,Leeds,LS28 6AB,422024,434016,0113 257 4129,admin@pudseyprimrosehill.co.uk,http://www.primrosehill.leeds.sch.uk,W,3,11,,,,,,,,,,,
3920,Primary,Academy,Pudsey Waterloo Primary School,Victoria Road,Pudsey,Leeds,LS28 7SR,421368,433227,0113 336 8020,v.bray@pudseywaterloo.org.uk,http://www.pudseywaterloo.co.uk,W,3,11,,,,,,,,,,,
2413,Primary,Foundation,Quarry Mount Primary School ,Pennington Street,,Leeds,LS6 2JP,429432,435546,0113 245 5803,acarter@quarrymountprimary.org.uk,http://www.quarrymount.leeds.sch.uk/,NW,4,11,,,,,,,,,,,
2356,Primary,Foundation,Queensway Primary School,Coppice Wood Avenue,Yeadon,Leeds,LS19 7LF,420304,441881,0194 387 4925,office@queenswayschool.co.uk,http://www.angelapplicationsltd.com/queensway/,NW,3,11,,,,,,,,,,,
2271,Primary,Foundation,Rawdon Littlemoor Primary School,New Road Side,Rawdon,Leeds,LS19 6DD,420564,439949,0113 887 9690,office@rawdonlittlemoor.org,http://www.rawdonlittlemoor.org/,NW,4,11,,,,,,,,,,,
3031,Primary,Voluntary Controlled,Rawdon St Peter's Church of England Voluntary Controlled Primary School,Town Street,Rawdon,Leeds,LS19 6PP,421808,439438,0113 250 4201,headteacher@rawdonstpeters.co.uk,http://www.rawdonstpeters.org.uk,NW,4,11,10.979,5,0,1,0,14,6,18,45,39,
2489,Primary,Academy,Raynville Primary School,Cross Aston Grove,,Leeds,LS13 2TQ,425210,434714,0113 257 9590,m.townsend@raynvilleprimaryleeds.org,http://www.raynvilleprimaryleeds.org.uk/,W,3,11,,,,,,,,,,,
2021,Primary,Academy,Richmond Hill Academy,Clark Crescent,,Leeds,LS9 8QF,431832,433009,0113 336 8899,info@richmondhill.leeds.sch.uk,http://www.richmondhillprimary.ik.org,E,3,11,,,,,,,,,,,
2309,Primary,Community,Robin Hood Primary School,Leeds Road,Robin Hood,Wakefield,WF3 3BG,432551,426884,0113 282 3444,sue.smith@robinhood.leeds.sch.uk ,http://www.robinhood.leeds.sch.uk,S,3,11,3.97,5,0,2,0,21,15,12,60,50,
2415,Primary,Foundation,Rosebank Primary School,Burley Road,,Leeds,LS3 1JP,428617,434236,0113 243 3497,school@rosebank.leeds.sch.uk,ttp://www.rosebank.leeds.sch.uk,NW,3,11,,,,,,,,,,,
2506,Primary,Community,Rothwell Primary School,Carlton Lane,Rothwell,Leeds,LS26 0DJ,434074,427856,0113 386 2570,admin@rothwell-pri.leeds.sch.uk,http://www.rothwellprimary.co.uk/leeds/primary/rothwell,S,3,11,0.802,5,0,1,0,12,7,25,45,45,
3364,Primary,Voluntary Aided,Rothwell St Mary's Catholic Primary School,Royds Lane,Rothwell,Leeds,LS26 0BJ,434739,427870,0113 214 6313, head@rothwellstmarys.org.uk,http://www.rothwell-st-marys.leeds.sch.uk/homepage/index.php,S,4,11,,,,,,,,,,,
2342,Junior,Community,Rothwell Victoria Junior School,Cornwall Crescent,Off Wood Lane,Leeds,LS26 0RA,433801,428742,0113 393 2926,admin@victoria-jun.leeds.sch.uk,http://www.rothwellvictoriajunior.co.uk/,S,7,11,0.458,6,0,0,0,7,22,2,45,31,
8901,Through School,Community,Roundhay School (Primary Site),Primary Campus,Elmete Lane,Leeds,LS8 2LG,433850,437243,0113 393 1207,secondary@roundhayschool.com,www.roundhayschool.org.uk,NE,4,18,0.408,5,2,5,0,21,30,2,60,60,
3329,Primary,Voluntary Aided,Roundhay St John's Church of England Primary School,North Lane,,Leeds,LS8 2QJ,433286,436924,0113 265 8451,admin@roundhaystjohns.com,http://www.roundhay-st-johns.leeds.sch.uk,NE,3,11,,,,,,,,,,,
2002,Primary,Foundation,Rufford Park Primary School,Rufford Avenue,Yeadon,Leeds,LS19 7QR,420856,440827,0113 391 0906,admin@ruffordparkprimary.org.uk,http://www.ruffordparkprimary.org.uk/,NW,4,11,,,,,,,,,,,
2016,Primary,Academy,Ryecroft Academy,Stonebridge Grove,,Leeds,LS12 5AW,425279,432785,0113 263 2433,info@ryecroft.leeds.sch.uk,http://www.ryecroftprimaryschool.co.uk,W,3,11,,,,,,,,,,,
3377,Primary,Voluntary Aided,Sacred Heart Catholic Primary School,Eden Way,,Leeds,LS4 2TF,426735,435150,0113 336 8003,office@sacredheartleeds.org.uk,http://www.sacredheart.leeds.sch.uk,NW,3,11,,,,,,,,,,,
2275,Primary,Community,Scholes (Elmet) Primary School,Station Road,Scholes,Leeds,LS15 4BJ,437584,436787,0113 264 9149,sue.craggs@fsw.leeds.sch.uk,http://www.scholeselmet.leeds.sch.uk,E,3,11,2.723,5,0,1,0,15,7,18,45,42,
2452,Primary,Foundation,Seacroft Grange Primary School,Moresdale Lane,,Leeds,LS14 6JR,434813,435120,0113 260 5385,head@seacroftgps.org.uk,http://www.seacroftgrange.leeds.sch.uk,E,4,11,,,,,,,,,,,
2293,Primary,Community,Seven Hills Primary School,Appleby Way ,Morley,Leeds,LS27 8LA,426722,427908,0113 252 7194,helen.robertshaw@seven-hillsschool.org.uk,http://www.sevenhillsmorley.org.uk,S,3,11,1.582,5,0,0,0,21,8,12,60,41,
2441,Primary,Community,Shadwell Primary School,Main Street,,Leeds,LS17 8JF,434651,439633,0113 273 2729,k.mosley@shadwellprimary.org,http://www.shadwell.leeds.sch.uk/,NE,4,11,1.245,4,0,1,0,15,14,0,30,30,
2462,Primary,Community,Shakespeare Primary School,Shakespeare Avenue,,Leeds,LS9 7HP,431666,434189,0113 336 8340,office@shakespeareleeds.org.uk,http://www.shakespeareleeds.org.uk,E,3,11,2.821,5,0,0,0,42,29,16,90,89,
2510,Primary,Community,Sharp Lane Primary School,Sharp Lane,,Leeds,LS10 4QE,431300,428200,0113 3783060,contact@sharplane.leeds.sch.uk,http://www.sharplane.leeds.sch.uk,S,3,11,2.755,5,0,1,0,22,14,15,90,52,
3929,Primary,Voluntary Controlled,Shire Oak Church Of England Voluntary Controlled Primary School,Wood Lane,,Leeds,LS6 2DT,428139,436296,0113 275 5890,jackiev@shireoak.leeds.sch.uk,http://www.shireoakcofeprimaryschool.co.uk/,NW,4,11,0.874,5,0,0,0,11,7,12,30,30,
2335,Primary,Foundation,Southroyd Primary and Nursery School,Littlemore Crescent,Pudsey,Leeds,LS28 8AT,422273,432497,0113 3783020,kathryn.austwick@pudseysouthroyd.leeds.sch.uk,https://www.pudseysouthroyd.leeds.sch.uk/,W,3,11,,,,,,,,,,,
2414,Primary,Community,Spring Bank Primary School,Spring Road,,Leeds,LS6 1AD,428049,435734,0113 204 3120,hello@springbankprimary.org,http://www.springbankprimary.org/,NW,4,11,4.063,5,0,0,0,5,2,4,30,12,
3363,Primary,Academy,SS Peter and Paul Catholic Primary School - A Voluntary Academy,Crofters Lea,New Road,Leeds,LS19 7HW,419782,440930,0113 323 0419,ssppyeadon@yahoo.co.uk,http://www.sspeterandpaulyeadon.co.uk,NW,4,11,,,,,,,,,,,
3367,Primary,Voluntary Aided,"St Anthony's Catholic Primary School, Beeston",Barkly Road,,Leeds,LS11 7JS,428925,430670,0113 277 6944,l.leonard@stanthonysleeds.org.uk,http://www.stanthonysbeeston.ik.org,S,4,11,,,,,,,,,,,
3368,Primary,Voluntary Aided,St Augustine's Catholic Primary School,St Wilfrid's Circus,,Leeds,LS8 3PF,432610,435438,0113 293 0350,sheila.hebbron@staugustinesleeds.org.uk,http://www.staugustinesleeds.org.uk,E,3,11,,,,,,,,,,,
3056,Primary,Voluntary Controlled,St Bartholomew's Church of England Voluntary Controlled Primary School,Strawberry Lane,,Leeds,LS12 1SF,427449,433123,0113 263 9292,p.gavin@stbartsleeds.org.uk,http://www.st-bartholomews.leeds.sch.uk,W,3,11,0.484,5,0,1,0,28,21,10,60,60,
3365,Primary,Academy,St Benedict's Catholic Primary School - A Voluntary Academy,Station Fields,Garforth,Leeds,LS25 1PS,440719,433395,0113 286 9819,admin@sbcps.bkcat.co.uk,http://www.st-benedicts.leeds.sch.uk,E,3,11,,,,,,,,,,,
3315,Primary,Academy,St Chad's Church of England Primary School,Northholme Avenue,,Leeds,LS16 5QR,426572,437467,0113 274 7110,katy.dixon@stchadsprimary.net,ttp://www.st-chads.leeds.sch.uk,NW,3,11,,,,,,,,,,,
3358,Primary,Voluntary Aided,"St Edward's Catholic Primary School, Boston Spa",Westwood Way ,Boston Spa,Leeds,LS23 6DL,442626,445547,0193 784 3946,headteacher@st-edwards.leeds.sch.uk,http://www.st-edwards.leeds.sch.uk/,S,4,11,,,,,,,,,,,
3362,Primary,Voluntary Aided,"St Francis Catholic Primary School, Morley",Highcliffe Road,Morley,Leeds,LS27 9LX,425838,427894,0113 323 0554,j.whitfield@stfrancismorley.org.uk,http://www.stfrancismorley.org.uk/,S,4,11,,,,,,,,,,,
3371,Primary,Voluntary Aided,"St Francis of Assisi Catholic Primary School, Beeston",Lady Pit Lane,,Leeds,LS11 6RX,429902,431473,0113 270 0978,catherine.cartwright@beeston-st-francisassisi.leeds.sch.uk,www.beeston-st-francisassisi.leeds.sch.uk,S,3,11,,,,,,,,,,,
3374,Primary,Voluntary Aided,"St Josephs Catholic Primary School, Hunslet",Joseph Street,,Leeds,LS10 2AD,431083,431825,0113 271 2093,c.richardson@stjosephscatholicprimary.org,http://www.hunslet-st-josephs.leeds.sch.uk,S,4,11,,,,,,,,,,,
3360,Primary,Academy,"St Josephs Catholic Primary School, Otley - A Voluntary Academy",Manor Square,Otley,Leeds,LS21 3AP,420059,445658,0194 346 3840,c.knight@stjosephsotley.org,ttp://www.stjosephsotley.org.uk,NW,4,11,,,,,,,,,,,
3361,Primary,Academy,"St Josephs Catholic Primary School, Pudsey - A Voluntary Academy",Mount Pleasant Road,Pudsey,Leeds,LS28 7AZ,422613,433778,0113 256 5407,a.ashworth@stjosephspudsey.org,http://www.stjosephspudsey.org,W,4,11,,,,,,,,,,,
3366,Primary,Voluntary Aided,"St Josephs Catholic Primary School, Wetherby",Barleyfields Road,Wetherby,Leeds,LS22 6PR,440104,448729,0193 758 2163,office@stjosephswetherby.com,http://www.stjosephswetherby.com,NE,4,11,,,,,,,,,,,
3038,Primary,Voluntary Controlled,St Margaret's Church of England Voluntary Controlled Primary School,Town Street,Horsforth,Leeds,LS18 5BL,423837,438210,0113 386 2520,stringm01@leedslearning.net,http://www.stmargarets.leeds.sch.uk/,NW,3,11,4.61,5,1,1,0,26,8,24,60,60,
3359,Primary,Academy,"St Mary's Catholic Primary School, Horsforth - A Voluntary Academy",Broadgate Lane,Horsforth,Leeds,LS18 5AB,424325,438276,0113 258 4593,office@stmaryshorsforth.org,http://www.stmaryshorsforth.org/,NW,4,11,,,,,,,,,,,
3047,Primary,Voluntary Controlled,"St Mary's Church of England Controlled Primary School, Boston Spa",Clifford Road,Boston Spa,Leeds,LS23 6DB,443034,445276,0193 784 4395,admin@stmaryscofe.org.uk,http://www.stmaryscofe.org.uk,NE,4,11,324.026,5,0,0,0,7,9,3,20,19,
2033,Primary,Voluntary Aided,"St Marys Church Of England Primary Academy, Hunslet",Church Street,Hunslet,Leeds,LS10 2QY,431179,431347,0113 271 7204,karen.shields@hunsletstmarys.co.uk,http://www.hunsletstmarys.co.uk,S,4,11,,,,,,,,,,,
3908,Primary,Voluntary Aided,St Matthew's Church of England Primary School,Wood Lane,,Leeds,LS7 3QF,430214,437336,0113 268 1489,headteacher@St-Matthews.leeds.sch.uk,http://www.st-matthews.leeds.sch.uk,NE,4,11,,,,,,,,,,,
3375,Primary,Voluntary Aided,St Nicholas' Catholic Primary School,Oakwood Lane,,Leeds,LS9 6QY,433726,435213,0113 293 0318,wrightm@stnicholasprimaryleeds.org.uk,http://www.stnicholasprimaryleeds.org.uk,E,4,11,,,,,,,,,,,
3350,Primary,Voluntary Aided,St Oswald's Church of England Primary School,The Green ,Guiseley,Leeds,LS20 9BT,419418,441882,0194 387 3570,office@stoswaldsleeds.org,http://www.stoswaldsleeds.org,NW,7,11,,,,,,,,,,,
3382,Primary,Voluntary Aided,St Patrick's Catholic Primary School,Torre Road,,Leeds,LS9 7QL,432224,433886,0113 248 0380,s.kneeshaw@stpatrickleeds.org.uk,http://www.stpatricksleeds.org.uk,E,4,11,,,,,,,,,,,
3378,Primary,Voluntary Aided,St Paul's Catholic Primary School,Buckstone Crescent,,Leeds,LS17 5ES,429219,439603,0113 293 9901,school.office@stpaulscps.org.uk,http://www.stpaulscps.com,NE,4,11,,,,,,,,,,,
3911,Primary,Voluntary Aided,St Peter's Church of England Primary School,Cormwell Street,,Leeds,LS9 7SG,431045,433904,0113 293 4411,liz.holliday@stpeterscofe.org.uk,http://www.stpeterscofe.org.uk,E,3,11,,,,,,,,,,,
3379,Primary,Voluntary Aided,St Philip's Catholic Primary and Nursery School,St Philip's Avenue,,Leeds,LS10 3SL,429965,428251,0113 271 6763,headteacher@st-philips.org,http://www.st-philips.org,S,3,11,,,,,,,,,,,
3385,Primary,Voluntary Aided,St Theresa's Catholic Primary School,Barwick Road,,Leeds,LS15 8RQ,436207,435508,0113 293 0240,headteacher@st-theresas.leeds.sch.uk,http://www.st-theresas.leeds.sch.uk/,E,3,11,,,,,,,,,,,
3373,Primary,Voluntary Aided,St Urban's Catholic Primary School,Tongue Lane,,Leeds,LS6 4QD,429085,438227,0113 293 4477,info@sturbans.co.uk,http://www.sturbans.co.uk,NW,4,11,,,,,,,,,,,
2490,Primary,Community,Stanningley Primary School,Leeds and Bradford Road,Stanningley,Leeds,LS28 6PE,422989,434899,0113 255 7677,jackie.reid@stanningleyprimary.com,http://www.stanningleyprimary.com/,W,3,11,1.156,5,0,0,0,11,6,13,30,30,
3917,Primary,Foundation,Strawberry Fields Primary School,Lidgett Lane,Garforth,Leeds,LS25 1LL,440124,432813,0113 386 2490,info@sfpsch.org.uk,http://www.strawberryfields.leeds.sch.uk,E,3,11,,,,,,,,,,,
2491,Primary,Community,Summerfield Primary School,Intake Lane,,Leeds,LS13 1DQ,422904,435301,0113 205 7520,vickerj03@schoolslink.net,http://www.summerfieldprimary.co.uk,W,3,11,1.61,5,0,0,0,13,0,6,30,19,
2468,Primary,Community,Swarcliffe Primary School,Swarcliffe Drive,,Leeds,LS14 5JW,436253,436187,0113 293 0275,headteacher@swarcliffeprimary.co.uk,http://www.swarcliffeprimary.co.uk,E,3,11,6.548,5,0,0,0,16,12,6,45,38,
2328,Primary,Foundation,Swillington Primary Academy,Church Lane,Swillington,Leeds,LS26 8DX,438416,430514,0113 286 3220,SPSHeadTeacher@brigshawtrust.com,http://www.swillington.leeds.sch.uk/,E,3,11,,,,,,,,,,,
2503,Primary,Community,Swinnow Primary School,Swinnow Road,,Leeds,LS13 4PG,423143,433842,0113 214 6080,info@swinnowprimary.com,http://swinnow.leedsschools.org,W,3,11,0.818,5,0,0,0,15,10,5,30,30,
2432,Primary,Community,Talbot Primary School,East Moor Road,,Leeds,LS8 1AF,431892,438478,0113 293 4086,admin@talbotprimary.net,http://www.talbot.leeds.sch.uk,NE,3,11,0.544,4,0,3,0,22,35,0,60,60,
4068,Primary,Academy,Temple Learning Academy Free School,"Pure Offices, 4100 Park Approach",Thorpe Arch,Leeds,LS15 8GB,434185,433368,0113 2645456,info@templelearningacademy.org,http://www.templelearningacademy.org/,E,4,16,,,,,,,,,,,
2465,Primary,Academy,Templenewsam Halton Primary School,Pinfold Lane,,Leeds,LS15 7SY,435373,433682,0113 293 0314,info@templenewsamhalton.leeds.sch.uk,http://www.templenewsamhalton.leeds.sch.uk/,E,3,11,,,,,,,,,,,
3044,Primary,Academy,Thorner Church of England Voluntary Controlled Primary School,Kirkhills,Thorner ,Leeds,LS14 3JD,438241,440549,0113 289 2541,office@thornerschool.org.uk,http://www.thorner.leeds.sch.uk,NE,4,11,,,,,,,,,,,
2312,Primary,Community,Thorpe Primary School,Dolphin Lane,Thorpe,Wakefield,WF3 3DG,431438,426527,0113 336 8760,jeannette.mccormack@thorpe.leeds.sch.uk,http://www.thorpe.leeds.sch.uk,S,3,11,1.354,5,0,0,0,8,15,6,30,29,
2348,Primary,Foundation,Tranmere Park Primary School,"Ridge Close, Tranmere Park",Guiseley,Leeds,LS20 6JJ,418069,441733,0194 387 5050,secretary@tranmerepark.leeds.sch.uk,http://www.tranmerepark.leeds.sch.uk,NW,4,11,,,,,,,,,,,
3928,Primary,Community,Valley View Primary School,Coal Hill Drive,Rodley,Leeds,LS13 1DD,422593,435580,0113 255 4972,office@valleyviewschool.org.uk,http://www.valleyview-pri.leeds.sch.uk,W,4,11,2.379,5,1,1,0,18,17,20,60,57,
2454,Primary,Academy,Victoria Primary Academy,Ivy Avenue,,Leeds,LS9 9ER,432906,433851,0113 248 2449,victoria-primary.eschools.co.uk,http://www.victoria-pri.leeds.sch.uk,E,3,11,,,,,,,,,,,
2421,Primary,Community,Weetwood Primary School,Weetwood Lane,,Leeds,LS16 5NW,427550,437083,0113 336 8040,kmason@weetwoodprimary.co.uk,http://www.weetwoodschool.co.uk,NW,3,11,0.544,5,1,1,0,7,19,2,30,30,
2334,Primary,Community,West End Primary School,West End Lane,Horsforth,Leeds,LS18 5JP,422906,438391,0113 258 2819,westendschool@leedslearning.net,http://www.westendprimary.org.uk,NW,3,11,0.373,4,0,0,0,20,10,0,30,30,
2364,Primary,Community,Westbrook Lane Primary School,Westbrook Lane,Horsforth,Leeds,LS18 5AH,423681,439042,0113 258 7913,info@westbrooklane.leeds.sch.uk,http://www.westbrooklaneprimaryschool.co.uk/,NW,4,11,0.508,5,0,0,0,13,14,3,30,30,
2297,Primary,Academy,Westerton Primary Academy,Hesketh Lane,Tingley,Wakefield,WF3 1AR,427853,425395,0113 253 3504,office@westerton.org.uk,http://www.westerton.leeds.sch.uk,S,3,11,,,,,,,,,,,
2403,Primary,Community,Westgate Primary School,Scarborough Road,Otley,Leeds,LS21 3JS,419646,445273,0194 346 2349,info@westgateprimary.co.uk,http://www.westgateprimary.co.uk,NW,3,11,1.04,5,0,0,1,14,9,6,30,30,
2478,Primary,Foundation,Westwood Primary School,Bodmin Garth,,Leeds,LS10 4NU,429365,427958,0113 271 2420,Westwood@westwoodandclapgate.org,http://www.westwood.leeds.sch.uk,S,3,11,,,,,,,,,,,
3045,Primary,Voluntary Controlled,Wetherby St James' Church of England Voluntary Controlled Primary School,Hallfield Lane,Wetherby,Leeds,LS22 6JS,440881,448500,0193 758 3379,stjames@aol.com,http://wetherbystjames.schooljotter2.com/,NE,3,11,0.559,4,0,1,0,6,7,0,20,14,
2493,Primary,Community,Whingate Primary School,Whingate Road,,Leeds,LS12 3DS,426193,433126,0113 263 8910,secretary@whingate.com,http://www.whingate.leeds.sch.uk,W,3,11,0.903,5,0,0,0,31,14,15,60,60,
3912,Primary,Voluntary Aided,Whinmoor St Paul's Church of England Primary School,Whinmoor Crescent,,Leeds,LS14 1EG,435417,437957,0113 265 7250,secretary@whinmoorstpauls.co.uk,http://www.whinmoorstpauls.co.uk,E,3,11,,,,,,,,,,,
2456,Primary,Foundation,White Laith Primary School,Naburn Drive,,Leeds,LS14 2BL,436059,437348,0113 293 0280,secretary@whitelaith.leeds.sch.uk,http://www.whitelaith.leeds.sch.uk,E,3,11,,,,,,,,,,,
2494,Primary,Community,Whitecote Primary School,Wellington Grove,,Leeds,LS13 2LQ,424627,435759,0113 216 4800,office@whitecote.co.uk,http://www.whitecote.leeds.sch.uk,W,3,11,10.362,5,1,0,0,15,13,8,60,37,
2466,Primary,Academy,Whitkirk Primary School,Templegate Walk,,Leeds,LS15 0EU,435969,433154,0113 260 6203,headteacher@whitkirk.leeds.sch.uk,http://www.whitkirk.org/,E,4,11,,,,,,,,,,,
2390,Primary,Community,Wigton Moor Primary School,Barfield Crescent,,Leeds,LS17 8RU,431854,440111,0113 268 2341,office@wigtonmoor.leeds.sch.uk,http://www.wigtonmoor.leeds.sch.uk,NE,4,11,1.567,5,0,0,0,17,25,18,60,60,
2471,Primary,Community,Windmill Primary School,Windmill Road,,Leeds,LS10 3HQ,431035,429587,0113 271 2115,lisalockey@musicfederation.co.uk,http://www.musicfederation.co.uk,S,4,11,0.762,5,0,0,0,37,14,9,60,60,
2314,Primary,Community,Woodlesford Primary School,Church Street,Woodlesford,Leeds,LS26 8RD,436497,429133,0113 393 4416,info@woodlesford.leeds.sch.uk,http://www.woodlesford.leeds.sch.uk,S,3,11,4.213,5,0,0,0,21,5,23,60,49,
2457,Primary,Community,Wykebeck Primary School,Brander Street,,Leeds,LS9 6QH,433640,434593,0113 249 1525,amy.lavin@wykebeckprimary.co.uk,http://www.wykebeck.leeds.sch.uk/,E,3,11,315.219,5,0,1,0,10,6,2,60,20,
2358,Infant,Foundation,Yeadon Westfield Infant School,Westifield Grove ,Yeadon,Leeds,LS19 7NQ,419745,440827,0113 250 5449,head@westfieldinfants.co.uk,http://westfieldinfants.co.uk,NW,3,7,,,,,,,,,,,
2324,Junior,Foundation,Yeadon Westfield Junior School,New Road,Yeadon,Leeds,LS19 7HQ,419894,440961,0113 250 3395,office@yeadonwestfieldjuniorschool.co.uk,http://www.yeadonwestfield-jun.leeds.sch.uk,NW,7,11,,,,,,,,,,,
,,,,,,,,,,,,,,,,,,,,,,,,,,
,,,,,,,,,,,,,,,,,,,,,,,,,,
,,,,,,,,,,,,,,,,,,,,,,,,,,
,,,,,,,,,,,,,,,,,,,,,,,,,,
,,,,,,,,,,,,,,,,,,,,,,,,,,
,,,,,,,,,,,,,,,,,,,,,,,,,,
